# full-loop .dat — generated by util/make_loop_dat.py
# topology=full, half-length=110.0 Mm, apex_T=2.00 MK, footpoint |B|=643.0 G (uniform)
# chromosphere: Model C7 (two-fluid); TR+corona: hydrostatic, fully ionized (single-fluid via F_SLAVE)
# Units: SI (m, T, K, m^-3, J/kg)

[META]
ns=906
g_si=274.0
B_outer_T=6.430000e-02
phi_g_offset_Jpkg=0.0
topology=full
loop_half_length_m=1.100000e+08

[CELLS]
# i  ds_m         B_imh_T      B_iph_T      phi_g_imh    phi_g_iph    ne_im3       nn_im3       T_K
0  1.100000e+04  6.430000e-02  6.430000e-02  0.000000e+00  3.014000e+06  1.925379e+17  2.595517e+19  6.242069e+03
1  1.100000e+04  6.430000e-02  6.430000e-02  3.014000e+06  6.028000e+06  1.970138e+17  2.400552e+19  6.276207e+03
2  1.100000e+04  6.430000e-02  6.430000e-02  6.028000e+06  9.042000e+06  2.014897e+17  2.205586e+19  6.310345e+03
3  1.100000e+04  6.430000e-02  6.430000e-02  9.042000e+06  1.205600e+07  2.041152e+17  2.047439e+19  6.339470e+03
4  1.100000e+04  6.430000e-02  6.430000e-02  1.205600e+07  1.507000e+07  2.064485e+17  1.895106e+19  6.367803e+03
5  1.100000e+04  6.430000e-02  6.430000e-02  1.507000e+07  1.808400e+07  2.087818e+17  1.742773e+19  6.396136e+03
6  1.100000e+04  6.430000e-02  6.430000e-02  1.808400e+07  2.109800e+07  2.094431e+17  1.621195e+19  6.419528e+03
7  1.100000e+04  6.430000e-02  6.430000e-02  2.109800e+07  2.411199e+07  2.098403e+17  1.504472e+19  6.442139e+03
8  1.100000e+04  6.430000e-02  6.430000e-02  2.411199e+07  2.712599e+07  2.102375e+17  1.387750e+19  6.464750e+03
9  1.100000e+04  6.430000e-02  6.430000e-02  2.712599e+07  3.013999e+07  2.087131e+17  1.288774e+19  6.482821e+03
10  1.100000e+04  6.430000e-02  6.430000e-02  3.013999e+07  3.315398e+07  2.058583e+17  1.202084e+19  6.497750e+03
11  1.100000e+04  6.430000e-02  6.430000e-02  3.315398e+07  3.616798e+07  2.030036e+17  1.115393e+19  6.512678e+03
12  1.100000e+04  6.430000e-02  6.430000e-02  3.616798e+07  3.918197e+07  2.001488e+17  1.028703e+19  6.527607e+03
13  1.100000e+04  6.430000e-02  6.430000e-02  3.918197e+07  4.219597e+07  1.966867e+17  9.638907e+18  6.536387e+03
14  1.100000e+04  6.430000e-02  6.430000e-02  4.219597e+07  4.520996e+07  1.930458e+17  9.055134e+18  6.543359e+03
15  1.100000e+04  6.430000e-02  6.430000e-02  4.520996e+07  4.822395e+07  1.894050e+17  8.471361e+18  6.550331e+03
16  1.100000e+04  6.430000e-02  6.430000e-02  4.822395e+07  5.123794e+07  1.857642e+17  7.887588e+18  6.557303e+03
17  1.100000e+04  6.430000e-02  6.430000e-02  5.123794e+07  5.425193e+07  1.821233e+17  7.303816e+18  6.564274e+03
18  1.100000e+04  6.430000e-02  6.430000e-02  5.425193e+07  5.726591e+07  1.784825e+17  6.720043e+18  6.571246e+03
19  1.100000e+04  6.430000e-02  6.430000e-02  5.726591e+07  6.027990e+07  1.748842e+17  6.211616e+18  6.576906e+03
20  1.100000e+04  6.430000e-02  6.430000e-02  6.027990e+07  6.329389e+07  1.713772e+17  5.864665e+18  6.579753e+03
21  1.100000e+04  6.430000e-02  6.430000e-02  6.329389e+07  6.630787e+07  1.678701e+17  5.517714e+18  6.582600e+03
22  1.100000e+04  6.430000e-02  6.430000e-02  6.630787e+07  6.932185e+07  1.643631e+17  5.170763e+18  6.585447e+03
23  1.100000e+04  6.430000e-02  6.430000e-02  6.932185e+07  7.233583e+07  1.608561e+17  4.823813e+18  6.588294e+03
24  1.100000e+04  6.430000e-02  6.430000e-02  7.233583e+07  7.534981e+07  1.573490e+17  4.476862e+18  6.591141e+03
25  1.100000e+04  6.430000e-02  6.430000e-02  7.534981e+07  7.836378e+07  1.538420e+17  4.129912e+18  6.593988e+03
26  1.100000e+04  6.430000e-02  6.430000e-02  7.836378e+07  8.137776e+07  1.503350e+17  3.782962e+18  6.596835e+03
27  1.100000e+04  6.430000e-02  6.430000e-02  8.137776e+07  8.439173e+07  1.485652e+17  3.525396e+18  6.598788e+03
28  1.100000e+04  6.430000e-02  6.430000e-02  8.439173e+07  8.740570e+07  1.479985e+17  3.329731e+18  6.600121e+03
29  1.100000e+04  6.430000e-02  6.430000e-02  8.740570e+07  9.041967e+07  1.474319e+17  3.134066e+18  6.601454e+03
30  1.100000e+04  6.430000e-02  6.430000e-02  9.041967e+07  9.343363e+07  1.468652e+17  2.938402e+18  6.602788e+03
31  1.100000e+04  6.430000e-02  6.430000e-02  9.343363e+07  9.644759e+07  1.462986e+17  2.742737e+18  6.604121e+03
32  1.100000e+04  6.430000e-02  6.430000e-02  9.644759e+07  9.946155e+07  1.457319e+17  2.547073e+18  6.605454e+03
33  1.100000e+04  6.430000e-02  6.430000e-02  9.946155e+07  1.024755e+08  1.451652e+17  2.351409e+18  6.606788e+03
34  1.100000e+04  6.430000e-02  6.430000e-02  1.024755e+08  1.054895e+08  1.445986e+17  2.155745e+18  6.608121e+03
35  1.100000e+04  6.430000e-02  6.430000e-02  1.054895e+08  1.085034e+08  1.440319e+17  1.960081e+18  6.609454e+03
36  1.100000e+04  6.430000e-02  6.430000e-02  1.085034e+08  1.115174e+08  1.437201e+17  1.822244e+18  6.610692e+03
37  1.100000e+04  6.430000e-02  6.430000e-02  1.115174e+08  1.145313e+08  1.435849e+17  1.724472e+18  6.611864e+03
38  1.100000e+04  6.430000e-02  6.430000e-02  1.145313e+08  1.175453e+08  1.434496e+17  1.626700e+18  6.613037e+03
39  1.100000e+04  6.430000e-02  6.430000e-02  1.175453e+08  1.205592e+08  1.433144e+17  1.528928e+18  6.614209e+03
40  1.100000e+04  6.430000e-02  6.430000e-02  1.205592e+08  1.235731e+08  1.431791e+17  1.431156e+18  6.615381e+03
41  1.100000e+04  6.430000e-02  6.430000e-02  1.235731e+08  1.265871e+08  1.430439e+17  1.333384e+18  6.616553e+03
42  1.100000e+04  6.430000e-02  6.430000e-02  1.265871e+08  1.296010e+08  1.429086e+17  1.235613e+18  6.617725e+03
43  1.100000e+04  6.430000e-02  6.430000e-02  1.296010e+08  1.326149e+08  1.427734e+17  1.137841e+18  6.618897e+03
44  1.100000e+04  6.430000e-02  6.430000e-02  1.326149e+08  1.356289e+08  1.426382e+17  1.040070e+18  6.620069e+03
45  1.100000e+04  6.430000e-02  6.430000e-02  1.356289e+08  1.386428e+08  1.425029e+17  9.422985e+17  6.621241e+03
46  1.100000e+04  6.430000e-02  6.430000e-02  1.386428e+08  1.416567e+08  1.423677e+17  8.445273e+17  6.622413e+03
47  1.100000e+04  6.430000e-02  6.430000e-02  1.416567e+08  1.446706e+08  1.414162e+17  7.732568e+17  6.623567e+03
48  1.100000e+04  6.430000e-02  6.430000e-02  1.446706e+08  1.476845e+08  1.396472e+17  7.285323e+17  6.624700e+03
49  1.100000e+04  6.430000e-02  6.430000e-02  1.476845e+08  1.506985e+08  1.378782e+17  6.838079e+17  6.625834e+03
50  1.100000e+04  6.430000e-02  6.430000e-02  1.506985e+08  1.537124e+08  1.361092e+17  6.390835e+17  6.626968e+03
51  1.100000e+04  6.430000e-02  6.430000e-02  1.537124e+08  1.567263e+08  1.343402e+17  5.943591e+17  6.628102e+03
52  1.100000e+04  6.430000e-02  6.430000e-02  1.567263e+08  1.597402e+08  1.325712e+17  5.496349e+17  6.629236e+03
53  1.100000e+04  6.430000e-02  6.430000e-02  1.597402e+08  1.627540e+08  1.308021e+17  5.049106e+17  6.630370e+03
54  1.100000e+04  6.430000e-02  6.430000e-02  1.627540e+08  1.657679e+08  1.290331e+17  4.601865e+17  6.631504e+03
55  1.100000e+04  6.430000e-02  6.430000e-02  1.657679e+08  1.687818e+08  1.272641e+17  4.154624e+17  6.632638e+03
56  1.100000e+04  6.430000e-02  6.430000e-02  1.687818e+08  1.717957e+08  1.249876e+17  3.862449e+17  6.633714e+03
57  1.100000e+04  6.430000e-02  6.430000e-02  1.717957e+08  1.748096e+08  1.224734e+17  3.642876e+17  6.634761e+03
58  1.100000e+04  6.430000e-02  6.430000e-02  1.748096e+08  1.778235e+08  1.199592e+17  3.423305e+17  6.635809e+03
59  1.100000e+04  6.430000e-02  6.430000e-02  1.778235e+08  1.808373e+08  1.174450e+17  3.203733e+17  6.636856e+03
60  1.100000e+04  6.430000e-02  6.430000e-02  1.808373e+08  1.838512e+08  1.149309e+17  2.984162e+17  6.637904e+03
61  1.100000e+04  6.430000e-02  6.430000e-02  1.838512e+08  1.868650e+08  1.124167e+17  2.764591e+17  6.638951e+03
62  1.100000e+04  6.430000e-02  6.430000e-02  1.868650e+08  1.898789e+08  1.099025e+17  2.545020e+17  6.639999e+03
63  1.100000e+04  6.430000e-02  6.430000e-02  1.898789e+08  1.928928e+08  1.073884e+17  2.325450e+17  6.641047e+03
64  1.100000e+04  6.430000e-02  6.430000e-02  1.928928e+08  1.959066e+08  1.048742e+17  2.105880e+17  6.642094e+03
65  1.100000e+04  6.430000e-02  6.430000e-02  1.959066e+08  1.989204e+08  1.023508e+17  1.901860e+17  6.643137e+03
66  1.100000e+04  6.430000e-02  6.430000e-02  1.989204e+08  2.019343e+08  9.976817e+16  1.797287e+17  6.644147e+03
67  1.100000e+04  6.430000e-02  6.430000e-02  2.019343e+08  2.049481e+08  9.718556e+16  1.692714e+17  6.645157e+03
68  1.100000e+04  6.430000e-02  6.430000e-02  2.049481e+08  2.079619e+08  9.460295e+16  1.588142e+17  6.646167e+03
69  1.100000e+04  6.430000e-02  6.430000e-02  2.079619e+08  2.109757e+08  9.202035e+16  1.483569e+17  6.647177e+03
70  1.100000e+04  6.430000e-02  6.430000e-02  2.109757e+08  2.139896e+08  8.943775e+16  1.378997e+17  6.648187e+03
71  1.100000e+04  6.430000e-02  6.430000e-02  2.139896e+08  2.170034e+08  8.685516e+16  1.274425e+17  6.649197e+03
72  1.100000e+04  6.430000e-02  6.430000e-02  2.170034e+08  2.200172e+08  8.427257e+16  1.169853e+17  6.650208e+03
73  1.100000e+04  6.430000e-02  6.430000e-02  2.200172e+08  2.230310e+08  8.168998e+16  1.065281e+17  6.651218e+03
74  1.100000e+04  6.430000e-02  6.430000e-02  2.230310e+08  2.260448e+08  7.918066e+16  9.714308e+16  6.652268e+03
75  1.100000e+04  6.430000e-02  6.430000e-02  2.260448e+08  2.290586e+08  7.692285e+16  9.143834e+16  6.653457e+03
76  1.100000e+04  6.430000e-02  6.430000e-02  2.290586e+08  2.320723e+08  7.466504e+16  8.573361e+16  6.654646e+03
77  1.100000e+04  6.430000e-02  6.430000e-02  2.320723e+08  2.350861e+08  7.240723e+16  8.002889e+16  6.655836e+03
78  1.100000e+04  6.430000e-02  6.430000e-02  2.350861e+08  2.380999e+08  7.014942e+16  7.432419e+16  6.657025e+03
79  1.100000e+04  6.430000e-02  6.430000e-02  2.380999e+08  2.411137e+08  6.789163e+16  6.861949e+16  6.658214e+03
80  1.100000e+04  6.430000e-02  6.430000e-02  2.411137e+08  2.441274e+08  6.563383e+16  6.291481e+16  6.659403e+03
81  1.100000e+04  6.430000e-02  6.430000e-02  2.441274e+08  2.471412e+08  6.352704e+16  5.832943e+16  6.660737e+03
82  1.100000e+04  6.430000e-02  6.430000e-02  2.471412e+08  2.501549e+08  6.157259e+16  5.487317e+16  6.662218e+03
83  1.100000e+04  6.430000e-02  6.430000e-02  2.501549e+08  2.531687e+08  5.961814e+16  5.141693e+16  6.663698e+03
84  1.100000e+04  6.430000e-02  6.430000e-02  2.531687e+08  2.561824e+08  5.766370e+16  4.796069e+16  6.665179e+03
85  1.100000e+04  6.430000e-02  6.430000e-02  2.561824e+08  2.591961e+08  5.570925e+16  4.450446e+16  6.666660e+03
86  1.100000e+04  6.430000e-02  6.430000e-02  2.591961e+08  2.622098e+08  5.388105e+16  4.188978e+16  6.668379e+03
87  1.100000e+04  6.430000e-02  6.430000e-02  2.622098e+08  2.652236e+08  5.209051e+16  3.952628e+16  6.670169e+03
88  1.100000e+04  6.430000e-02  6.430000e-02  2.652236e+08  2.682373e+08  5.029999e+16  3.716278e+16  6.671960e+03
89  1.100000e+04  6.430000e-02  6.430000e-02  2.682373e+08  2.712510e+08  4.850947e+16  3.479929e+16  6.673751e+03
90  1.100000e+04  6.430000e-02  6.430000e-02  2.712510e+08  2.742647e+08  4.576279e+16  4.576279e+13  9.427431e+03
91  1.100000e+04  6.430000e-02  6.430000e-02  2.742647e+08  2.772783e+08  2.189490e+16  2.189490e+13  1.952098e+04
92  1.100000e+04  6.430000e-02  6.430000e-02  2.772783e+08  2.802920e+08  1.150977e+16  1.150977e+13  3.695151e+04
93  1.100000e+04  6.430000e-02  6.430000e-02  2.802920e+08  2.833057e+08  6.885076e+15  6.885076e+12  6.158898e+04
94  1.100000e+04  6.430000e-02  6.430000e-02  2.833057e+08  2.863194e+08  4.538523e+15  4.538523e+12  9.324961e+04
95  1.100000e+04  6.430000e-02  6.430000e-02  2.863194e+08  2.893330e+08  3.209098e+15  3.209098e+12  1.316972e+05
96  1.100000e+04  6.430000e-02  6.430000e-02  2.893330e+08  2.923467e+08  2.390063e+15  2.390063e+12  1.766450e+05
97  1.100000e+04  6.430000e-02  6.430000e-02  2.923467e+08  2.953603e+08  1.852206e+15  1.852206e+12  2.277578e+05
98  1.100000e+04  6.430000e-02  6.430000e-02  2.953603e+08  2.983740e+08  1.481038e+15  1.481038e+12  2.846544e+05
99  1.100000e+04  6.430000e-02  6.430000e-02  2.983740e+08  3.013876e+08  1.214614e+15  1.214614e+12  3.469103e+05
100  1.100000e+04  6.430000e-02  6.430000e-02  3.013876e+08  3.044012e+08  1.017184e+15  1.017184e+12  4.140614e+05
101  1.100000e+04  6.430000e-02  6.430000e-02  3.044012e+08  3.074148e+08  8.669943e+14  8.669943e+11  4.856067e+05
102  1.100000e+04  6.430000e-02  6.430000e-02  3.074148e+08  3.104285e+08  7.502169e+14  7.502169e+11  5.610128e+05
103  1.100000e+04  6.430000e-02  6.430000e-02  3.104285e+08  3.134421e+08  6.577300e+14  6.577300e+11  6.397172e+05
104  1.100000e+04  6.430000e-02  6.430000e-02  3.134421e+08  3.164557e+08  5.833247e+14  5.833247e+11  7.211330e+05
105  1.100000e+04  6.430000e-02  6.430000e-02  3.164557e+08  3.194692e+08  5.226591e+14  5.226591e+11  8.046531e+05
106  1.100000e+04  6.430000e-02  6.430000e-02  3.194692e+08  3.224828e+08  4.726250e+14  4.726250e+11  8.896545e+05
107  1.100000e+04  6.430000e-02  6.430000e-02  3.224828e+08  3.254964e+08  4.309511e+14  4.309511e+11  9.755035e+05
108  1.100000e+04  6.430000e-02  6.430000e-02  3.254964e+08  3.285099e+08  3.959476e+14  3.959476e+11  1.061560e+06
109  1.100000e+04  6.430000e-02  6.430000e-02  3.285099e+08  3.315235e+08  3.663370e+14  3.663370e+11  1.147182e+06
110  1.100000e+04  6.430000e-02  6.430000e-02  3.315235e+08  3.345370e+08  3.411402e+14  3.411402e+11  1.231731e+06
111  1.100000e+04  6.430000e-02  6.430000e-02  3.345370e+08  3.375506e+08  3.195969e+14  3.195969e+11  1.314576e+06
112  1.100000e+04  6.430000e-02  6.430000e-02  3.375506e+08  3.405641e+08  3.011105e+14  3.011105e+11  1.395101e+06
113  1.100000e+04  6.430000e-02  6.430000e-02  3.405641e+08  3.435776e+08  2.852084e+14  2.852084e+11  1.472704e+06
114  1.100000e+04  6.430000e-02  6.430000e-02  3.435776e+08  3.465911e+08  2.715129e+14  2.715129e+11  1.546807e+06
115  1.100000e+04  6.430000e-02  6.430000e-02  3.465911e+08  3.496047e+08  2.597203e+14  2.597203e+11  1.616857e+06
116  1.100000e+04  6.430000e-02  6.430000e-02  3.496047e+08  3.526181e+08  2.495851e+14  2.495851e+11  1.682332e+06
117  1.100000e+04  6.430000e-02  6.430000e-02  3.526181e+08  3.556316e+08  2.409081e+14  2.409081e+11  1.742743e+06
118  1.100000e+04  6.430000e-02  6.430000e-02  3.556316e+08  3.586451e+08  2.335273e+14  2.335273e+11  1.797641e+06
119  1.100000e+04  6.430000e-02  6.430000e-02  3.586451e+08  3.616586e+08  2.273114e+14  2.273114e+11  1.846616e+06
120  1.100000e+04  6.430000e-02  6.430000e-02  3.616586e+08  3.646720e+08  2.221541e+14  2.221541e+11  1.889303e+06
121  1.100000e+04  6.430000e-02  6.430000e-02  3.646720e+08  3.676855e+08  2.179704e+14  2.179704e+11  1.925383e+06
122  1.100000e+04  6.430000e-02  6.430000e-02  3.676855e+08  3.706989e+08  2.146935e+14  2.146935e+11  1.954588e+06
123  1.100000e+04  6.430000e-02  6.430000e-02  3.706989e+08  3.737124e+08  2.122722e+14  2.122722e+11  1.976700e+06
124  1.100000e+04  6.430000e-02  6.430000e-02  3.737124e+08  3.767258e+08  2.106697e+14  2.106697e+11  1.991554e+06
125  1.100000e+04  6.430000e-02  6.430000e-02  3.767258e+08  3.797392e+08  2.098617e+14  2.098617e+11  1.999040e+06
126  1.100000e+04  6.430000e-02  6.430000e-02  3.797392e+08  3.827526e+08  2.097418e+14  2.097418e+11  2.000000e+06
127  1.100000e+04  6.430000e-02  6.430000e-02  3.827526e+08  3.857660e+08  2.097226e+14  2.097226e+11  2.000000e+06
128  1.100000e+04  6.430000e-02  6.430000e-02  3.857660e+08  3.887794e+08  2.097035e+14  2.097035e+11  2.000000e+06
129  1.100000e+04  6.430000e-02  6.430000e-02  3.887794e+08  3.917928e+08  2.096843e+14  2.096843e+11  2.000000e+06
130  1.100000e+04  6.430000e-02  6.430000e-02  3.917928e+08  3.948061e+08  2.096652e+14  2.096652e+11  2.000000e+06
131  1.100000e+04  6.430000e-02  6.430000e-02  3.948061e+08  3.978195e+08  2.096461e+14  2.096461e+11  2.000000e+06
132  1.100000e+04  6.430000e-02  6.430000e-02  3.978195e+08  4.008328e+08  2.096269e+14  2.096269e+11  2.000000e+06
133  1.100000e+04  6.430000e-02  6.430000e-02  4.008328e+08  4.038462e+08  2.096078e+14  2.096078e+11  2.000000e+06
134  1.100000e+04  6.430000e-02  6.430000e-02  4.038462e+08  4.068595e+08  2.095887e+14  2.095887e+11  2.000000e+06
135  1.100000e+04  6.430000e-02  6.430000e-02  4.068595e+08  4.098728e+08  2.095696e+14  2.095696e+11  2.000000e+06
136  1.100000e+04  6.430000e-02  6.430000e-02  4.098728e+08  4.128861e+08  2.095504e+14  2.095504e+11  2.000000e+06
137  1.166000e+04  6.430000e-02  6.430000e-02  4.128861e+08  4.160802e+08  2.095307e+14  2.095307e+11  2.000000e+06
138  1.235960e+04  6.430000e-02  6.430000e-02  4.160802e+08  4.194660e+08  2.095099e+14  2.095099e+11  2.000000e+06
139  1.310118e+04  6.430000e-02  6.430000e-02  4.194660e+08  4.230548e+08  2.094877e+14  2.094877e+11  2.000000e+06
140  1.388725e+04  6.430000e-02  6.430000e-02  4.230548e+08  4.268590e+08  2.094643e+14  2.094643e+11  2.000000e+06
141  1.472048e+04  6.430000e-02  6.430000e-02  4.268590e+08  4.308914e+08  2.094394e+14  2.094394e+11  2.000000e+06
142  1.560371e+04  6.430000e-02  6.430000e-02  4.308914e+08  4.351657e+08  2.094131e+14  2.094131e+11  2.000000e+06
143  1.653993e+04  6.430000e-02  6.430000e-02  4.351657e+08  4.396965e+08  2.093852e+14  2.093852e+11  2.000000e+06
144  1.753233e+04  6.430000e-02  6.430000e-02  4.396965e+08  4.444991e+08  2.093556e+14  2.093556e+11  2.000000e+06
145  1.858427e+04  6.430000e-02  6.430000e-02  4.444991e+08  4.495898e+08  2.093242e+14  2.093242e+11  2.000000e+06
146  1.969932e+04  6.430000e-02  6.430000e-02  4.495898e+08  4.549859e+08  2.092910e+14  2.092910e+11  2.000000e+06
147  2.088128e+04  6.430000e-02  6.430000e-02  4.549859e+08  4.607057e+08  2.092557e+14  2.092557e+11  2.000000e+06
148  2.213416e+04  6.430000e-02  6.430000e-02  4.607057e+08  4.667687e+08  2.092184e+14  2.092184e+11  2.000000e+06
149  2.346221e+04  6.430000e-02  6.430000e-02  4.667687e+08  4.731954e+08  2.091788e+14  2.091788e+11  2.000000e+06
150  2.486994e+04  6.430000e-02  6.430000e-02  4.731954e+08  4.800077e+08  2.091369e+14  2.091369e+11  2.000000e+06
151  2.636214e+04  6.430000e-02  6.430000e-02  4.800077e+08  4.872286e+08  2.090925e+14  2.090925e+11  2.000000e+06
152  2.794387e+04  6.430000e-02  6.430000e-02  4.872286e+08  4.948827e+08  2.090454e+14  2.090454e+11  2.000000e+06
153  2.962050e+04  6.430000e-02  6.430000e-02  4.948827e+08  5.029960e+08  2.089955e+14  2.089955e+11  2.000000e+06
154  3.139773e+04  6.430000e-02  6.430000e-02  5.029960e+08  5.115960e+08  2.089426e+14  2.089426e+11  2.000000e+06
155  3.328159e+04  6.430000e-02  6.430000e-02  5.115960e+08  5.207118e+08  2.088865e+14  2.088865e+11  2.000000e+06
156  3.527849e+04  6.430000e-02  6.430000e-02  5.207118e+08  5.303745e+08  2.088271e+14  2.088271e+11  2.000000e+06
157  3.739520e+04  6.430000e-02  6.430000e-02  5.303745e+08  5.406168e+08  2.087642e+14  2.087642e+11  2.000000e+06
158  3.963891e+04  6.430000e-02  6.430000e-02  5.406168e+08  5.514735e+08  2.086975e+14  2.086975e+11  2.000000e+06
159  4.201725e+04  6.430000e-02  6.430000e-02  5.514735e+08  5.629813e+08  2.086268e+14  2.086268e+11  2.000000e+06
160  4.453828e+04  6.430000e-02  6.430000e-02  5.629813e+08  5.751795e+08  2.085520e+14  2.085520e+11  2.000000e+06
161  4.721058e+04  6.430000e-02  6.430000e-02  5.751795e+08  5.881092e+08  2.084726e+14  2.084726e+11  2.000000e+06
162  5.004321e+04  6.430000e-02  6.430000e-02  5.881092e+08  6.018145e+08  2.083885e+14  2.083885e+11  2.000000e+06
163  5.304581e+04  6.430000e-02  6.430000e-02  6.018145e+08  6.163417e+08  2.082995e+14  2.082995e+11  2.000000e+06
164  5.622855e+04  6.430000e-02  6.430000e-02  6.163417e+08  6.317402e+08  2.082051e+14  2.082051e+11  2.000000e+06
165  5.960227e+04  6.430000e-02  6.430000e-02  6.317402e+08  6.480621e+08  2.081051e+14  2.081051e+11  2.000000e+06
166  6.317840e+04  6.430000e-02  6.430000e-02  6.480621e+08  6.653628e+08  2.079992e+14  2.079992e+11  2.000000e+06
167  6.696911e+04  6.430000e-02  6.430000e-02  6.653628e+08  6.837010e+08  2.078870e+14  2.078870e+11  2.000000e+06
168  7.098725e+04  6.430000e-02  6.430000e-02  6.837010e+08  7.031388e+08  2.077681e+14  2.077681e+11  2.000000e+06
169  7.524649e+04  6.430000e-02  6.430000e-02  7.031388e+08  7.237421e+08  2.076421e+14  2.076421e+11  2.000000e+06
170  7.976128e+04  6.430000e-02  6.430000e-02  7.237421e+08  7.455807e+08  2.075087e+14  2.075087e+11  2.000000e+06
171  8.454695e+04  6.430000e-02  6.430000e-02  7.455807e+08  7.687285e+08  2.073674e+14  2.073674e+11  2.000000e+06
172  8.961977e+04  6.430000e-02  6.430000e-02  7.687285e+08  7.932640e+08  2.072177e+14  2.072177e+11  2.000000e+06
173  9.499696e+04  6.430000e-02  6.430000e-02  7.932640e+08  8.192701e+08  2.070592e+14  2.070592e+11  2.000000e+06
174  1.006968e+05  6.430000e-02  6.430000e-02  8.192701e+08  8.468350e+08  2.068913e+14  2.068913e+11  2.000000e+06
175  1.067386e+05  6.430000e-02  6.430000e-02  8.468350e+08  8.760519e+08  2.067135e+14  2.067135e+11  2.000000e+06
176  1.131429e+05  6.430000e-02  6.430000e-02  8.760519e+08  9.070196e+08  2.065252e+14  2.065252e+11  2.000000e+06
177  1.199315e+05  6.430000e-02  6.430000e-02  9.070196e+08  9.398427e+08  2.063258e+14  2.063258e+11  2.000000e+06
178  1.271274e+05  6.430000e-02  6.430000e-02  9.398427e+08  9.746322e+08  2.061146e+14  2.061146e+11  2.000000e+06
179  1.347550e+05  6.430000e-02  6.430000e-02  9.746322e+08  1.011506e+09  2.058911e+14  2.058911e+11  2.000000e+06
180  1.428403e+05  6.430000e-02  6.430000e-02  1.011506e+09  1.050587e+09  2.056544e+14  2.056544e+11  2.000000e+06
181  1.514107e+05  6.430000e-02  6.430000e-02  1.050587e+09  1.092009e+09  2.054039e+14  2.054039e+11  2.000000e+06
182  1.604954e+05  6.430000e-02  6.430000e-02  1.092009e+09  1.135911e+09  2.051386e+14  2.051386e+11  2.000000e+06
183  1.701251e+05  6.430000e-02  6.430000e-02  1.135911e+09  1.182440e+09  2.048579e+14  2.048579e+11  2.000000e+06
184  1.803326e+05  6.430000e-02  6.430000e-02  1.182440e+09  1.231753e+09  2.045608e+14  2.045608e+11  2.000000e+06
185  1.911525e+05  6.430000e-02  6.430000e-02  1.231753e+09  1.284016e+09  2.042464e+14  2.042464e+11  2.000000e+06
186  2.026217e+05  6.430000e-02  6.430000e-02  1.284016e+09  1.339405e+09  2.039138e+14  2.039138e+11  2.000000e+06
187  2.147790e+05  6.430000e-02  6.430000e-02  1.339405e+09  1.398104e+09  2.035618e+14  2.035618e+11  2.000000e+06
188  2.276657e+05  6.430000e-02  6.430000e-02  1.398104e+09  1.460311e+09  2.031895e+14  2.031895e+11  2.000000e+06
189  2.413257e+05  6.430000e-02  6.430000e-02  1.460311e+09  1.526234e+09  2.027957e+14  2.027957e+11  2.000000e+06
190  2.558052e+05  6.430000e-02  6.430000e-02  1.526234e+09  1.596092e+09  2.023792e+14  2.023792e+11  2.000000e+06
191  2.711535e+05  6.430000e-02  6.430000e-02  1.596092e+09  1.670118e+09  2.019388e+14  2.019388e+11  2.000000e+06
192  2.874227e+05  6.430000e-02  6.430000e-02  1.670118e+09  1.748559e+09  2.014731e+14  2.014731e+11  2.000000e+06
193  3.046681e+05  6.430000e-02  6.430000e-02  1.748559e+09  1.831674e+09  2.009809e+14  2.009809e+11  2.000000e+06
194  3.229482e+05  6.430000e-02  6.430000e-02  1.831674e+09  1.919738e+09  2.004607e+14  2.004607e+11  2.000000e+06
195  3.423251e+05  6.430000e-02  6.430000e-02  1.919738e+09  2.013041e+09  1.999110e+14  1.999110e+11  2.000000e+06
196  3.628646e+05  6.430000e-02  6.430000e-02  2.013041e+09  2.111890e+09  1.993303e+14  1.993303e+11  2.000000e+06
197  3.846365e+05  6.430000e-02  6.430000e-02  2.111890e+09  2.216608e+09  1.987169e+14  1.987169e+11  2.000000e+06
198  4.000000e+05  6.430000e-02  6.430000e-02  2.216608e+09  2.325437e+09  1.980756e+14  1.980756e+11  2.000000e+06
199  4.000000e+05  6.430000e-02  6.430000e-02  2.325437e+09  2.434191e+09  1.974242e+14  1.974242e+11  2.000000e+06
200  4.000000e+05  6.430000e-02  6.430000e-02  2.434191e+09  2.542865e+09  1.967755e+14  1.967755e+11  2.000000e+06
201  4.000000e+05  6.430000e-02  6.430000e-02  2.542865e+09  2.651456e+09  1.961294e+14  1.961294e+11  2.000000e+06
202  4.000000e+05  6.430000e-02  6.430000e-02  2.651456e+09  2.759961e+09  1.954859e+14  1.954859e+11  2.000000e+06
203  4.000000e+05  6.430000e-02  6.430000e-02  2.759961e+09  2.868375e+09  1.948451e+14  1.948451e+11  2.000000e+06
204  4.000000e+05  6.430000e-02  6.430000e-02  2.868375e+09  2.976696e+09  1.942069e+14  1.942069e+11  2.000000e+06
205  4.000000e+05  6.430000e-02  6.430000e-02  2.976696e+09  3.084920e+09  1.935714e+14  1.935714e+11  2.000000e+06
206  4.000000e+05  6.430000e-02  6.430000e-02  3.084920e+09  3.193044e+09  1.929385e+14  1.929385e+11  2.000000e+06
207  4.000000e+05  6.430000e-02  6.430000e-02  3.193044e+09  3.301063e+09  1.923083e+14  1.923083e+11  2.000000e+06
208  4.000000e+05  6.430000e-02  6.430000e-02  3.301063e+09  3.408974e+09  1.916808e+14  1.916808e+11  2.000000e+06
209  4.000000e+05  6.430000e-02  6.430000e-02  3.408974e+09  3.516774e+09  1.910560e+14  1.910560e+11  2.000000e+06
210  4.000000e+05  6.430000e-02  6.430000e-02  3.516774e+09  3.624460e+09  1.904339e+14  1.904339e+11  2.000000e+06
211  4.000000e+05  6.430000e-02  6.430000e-02  3.624460e+09  3.732027e+09  1.898145e+14  1.898145e+11  2.000000e+06
212  4.000000e+05  6.430000e-02  6.430000e-02  3.732027e+09  3.839472e+09  1.891978e+14  1.891978e+11  2.000000e+06
213  4.000000e+05  6.430000e-02  6.430000e-02  3.839472e+09  3.946793e+09  1.885839e+14  1.885839e+11  2.000000e+06
214  4.000000e+05  6.430000e-02  6.430000e-02  3.946793e+09  4.053984e+09  1.879726e+14  1.879726e+11  2.000000e+06
215  4.000000e+05  6.430000e-02  6.430000e-02  4.053984e+09  4.161043e+09  1.873641e+14  1.873641e+11  2.000000e+06
216  4.000000e+05  6.430000e-02  6.430000e-02  4.161043e+09  4.267966e+09  1.867583e+14  1.867583e+11  2.000000e+06
217  4.000000e+05  6.430000e-02  6.430000e-02  4.267966e+09  4.374751e+09  1.861553e+14  1.861553e+11  2.000000e+06
218  4.000000e+05  6.430000e-02  6.430000e-02  4.374751e+09  4.481392e+09  1.855550e+14  1.855550e+11  2.000000e+06
219  4.000000e+05  6.430000e-02  6.430000e-02  4.481392e+09  4.587887e+09  1.849575e+14  1.849575e+11  2.000000e+06
220  4.000000e+05  6.430000e-02  6.430000e-02  4.587887e+09  4.694233e+09  1.843627e+14  1.843627e+11  2.000000e+06
221  4.000000e+05  6.430000e-02  6.430000e-02  4.694233e+09  4.800425e+09  1.837707e+14  1.837707e+11  2.000000e+06
222  4.000000e+05  6.430000e-02  6.430000e-02  4.800425e+09  4.906461e+09  1.831815e+14  1.831815e+11  2.000000e+06
223  4.000000e+05  6.430000e-02  6.430000e-02  4.906461e+09  5.012336e+09  1.825950e+14  1.825950e+11  2.000000e+06
224  4.000000e+05  6.430000e-02  6.430000e-02  5.012336e+09  5.118048e+09  1.820113e+14  1.820113e+11  2.000000e+06
225  4.000000e+05  6.430000e-02  6.430000e-02  5.118048e+09  5.223593e+09  1.814305e+14  1.814305e+11  2.000000e+06
226  4.000000e+05  6.430000e-02  6.430000e-02  5.223593e+09  5.328968e+09  1.808523e+14  1.808523e+11  2.000000e+06
227  4.000000e+05  6.430000e-02  6.430000e-02  5.328968e+09  5.434169e+09  1.802770e+14  1.802770e+11  2.000000e+06
228  4.000000e+05  6.430000e-02  6.430000e-02  5.434169e+09  5.539192e+09  1.797045e+14  1.797045e+11  2.000000e+06
229  4.000000e+05  6.430000e-02  6.430000e-02  5.539192e+09  5.644035e+09  1.791348e+14  1.791348e+11  2.000000e+06
230  4.000000e+05  6.430000e-02  6.430000e-02  5.644035e+09  5.748694e+09  1.785679e+14  1.785679e+11  2.000000e+06
231  4.000000e+05  6.430000e-02  6.430000e-02  5.748694e+09  5.853165e+09  1.780038e+14  1.780038e+11  2.000000e+06
232  4.000000e+05  6.430000e-02  6.430000e-02  5.853165e+09  5.957445e+09  1.774424e+14  1.774424e+11  2.000000e+06
233  4.000000e+05  6.430000e-02  6.430000e-02  5.957445e+09  6.061531e+09  1.768839e+14  1.768839e+11  2.000000e+06
234  4.000000e+05  6.430000e-02  6.430000e-02  6.061531e+09  6.165419e+09  1.763283e+14  1.763283e+11  2.000000e+06
235  4.000000e+05  6.430000e-02  6.430000e-02  6.165419e+09  6.269105e+09  1.757754e+14  1.757754e+11  2.000000e+06
236  4.000000e+05  6.430000e-02  6.430000e-02  6.269105e+09  6.372588e+09  1.752254e+14  1.752254e+11  2.000000e+06
237  4.000000e+05  6.430000e-02  6.430000e-02  6.372588e+09  6.475862e+09  1.746781e+14  1.746781e+11  2.000000e+06
238  4.000000e+05  6.430000e-02  6.430000e-02  6.475862e+09  6.578925e+09  1.741337e+14  1.741337e+11  2.000000e+06
239  4.000000e+05  6.430000e-02  6.430000e-02  6.578925e+09  6.681774e+09  1.735922e+14  1.735922e+11  2.000000e+06
240  4.000000e+05  6.430000e-02  6.430000e-02  6.681774e+09  6.784404e+09  1.730534e+14  1.730534e+11  2.000000e+06
241  4.000000e+05  6.430000e-02  6.430000e-02  6.784404e+09  6.886813e+09  1.725175e+14  1.725175e+11  2.000000e+06
242  4.000000e+05  6.430000e-02  6.430000e-02  6.886813e+09  6.988997e+09  1.719844e+14  1.719844e+11  2.000000e+06
243  4.000000e+05  6.430000e-02  6.430000e-02  6.988997e+09  7.090954e+09  1.714541e+14  1.714541e+11  2.000000e+06
244  4.000000e+05  6.430000e-02  6.430000e-02  7.090954e+09  7.192679e+09  1.709267e+14  1.709267e+11  2.000000e+06
245  4.000000e+05  6.430000e-02  6.430000e-02  7.192679e+09  7.294169e+09  1.704021e+14  1.704021e+11  2.000000e+06
246  4.000000e+05  6.430000e-02  6.430000e-02  7.294169e+09  7.395421e+09  1.698804e+14  1.698804e+11  2.000000e+06
247  4.000000e+05  6.430000e-02  6.430000e-02  7.395421e+09  7.496432e+09  1.693614e+14  1.693614e+11  2.000000e+06
248  4.000000e+05  6.430000e-02  6.430000e-02  7.496432e+09  7.597199e+09  1.688454e+14  1.688454e+11  2.000000e+06
249  4.000000e+05  6.430000e-02  6.430000e-02  7.597199e+09  7.697717e+09  1.683321e+14  1.683321e+11  2.000000e+06
250  4.000000e+05  6.430000e-02  6.430000e-02  7.697717e+09  7.797985e+09  1.678217e+14  1.678217e+11  2.000000e+06
251  4.000000e+05  6.430000e-02  6.430000e-02  7.797985e+09  7.897998e+09  1.673141e+14  1.673141e+11  2.000000e+06
252  4.000000e+05  6.430000e-02  6.430000e-02  7.897998e+09  7.997753e+09  1.668094e+14  1.668094e+11  2.000000e+06
253  4.000000e+05  6.430000e-02  6.430000e-02  7.997753e+09  8.097247e+09  1.663075e+14  1.663075e+11  2.000000e+06
254  4.000000e+05  6.430000e-02  6.430000e-02  8.097247e+09  8.196478e+09  1.658084e+14  1.658084e+11  2.000000e+06
255  4.000000e+05  6.430000e-02  6.430000e-02  8.196478e+09  8.295440e+09  1.653122e+14  1.653122e+11  2.000000e+06
256  4.000000e+05  6.430000e-02  6.430000e-02  8.295440e+09  8.394133e+09  1.648188e+14  1.648188e+11  2.000000e+06
257  4.000000e+05  6.430000e-02  6.430000e-02  8.394133e+09  8.492551e+09  1.643282e+14  1.643282e+11  2.000000e+06
258  4.000000e+05  6.430000e-02  6.430000e-02  8.492551e+09  8.590692e+09  1.638405e+14  1.638405e+11  2.000000e+06
259  4.000000e+05  6.430000e-02  6.430000e-02  8.590692e+09  8.688553e+09  1.633556e+14  1.633556e+11  2.000000e+06
260  4.000000e+05  6.430000e-02  6.430000e-02  8.688553e+09  8.786130e+09  1.628736e+14  1.628736e+11  2.000000e+06
261  4.000000e+05  6.430000e-02  6.430000e-02  8.786130e+09  8.883421e+09  1.623943e+14  1.623943e+11  2.000000e+06
262  4.000000e+05  6.430000e-02  6.430000e-02  8.883421e+09  8.980422e+09  1.619179e+14  1.619179e+11  2.000000e+06
263  4.000000e+05  6.430000e-02  6.430000e-02  8.980422e+09  9.077130e+09  1.614444e+14  1.614444e+11  2.000000e+06
264  4.000000e+05  6.430000e-02  6.430000e-02  9.077130e+09  9.173541e+09  1.609736e+14  1.609736e+11  2.000000e+06
265  4.000000e+05  6.430000e-02  6.430000e-02  9.173541e+09  9.269654e+09  1.605057e+14  1.605057e+11  2.000000e+06
266  4.000000e+05  6.430000e-02  6.430000e-02  9.269654e+09  9.365464e+09  1.600407e+14  1.600407e+11  2.000000e+06
267  4.000000e+05  6.430000e-02  6.430000e-02  9.365464e+09  9.460968e+09  1.595784e+14  1.595784e+11  2.000000e+06
268  4.000000e+05  6.430000e-02  6.430000e-02  9.460968e+09  9.556164e+09  1.591190e+14  1.591190e+11  2.000000e+06
269  4.000000e+05  6.430000e-02  6.430000e-02  9.556164e+09  9.651048e+09  1.586624e+14  1.586624e+11  2.000000e+06
270  4.000000e+05  6.430000e-02  6.430000e-02  9.651048e+09  9.745617e+09  1.582086e+14  1.582086e+11  2.000000e+06
271  4.000000e+05  6.430000e-02  6.430000e-02  9.745617e+09  9.839868e+09  1.577576e+14  1.577576e+11  2.000000e+06
272  4.000000e+05  6.430000e-02  6.430000e-02  9.839868e+09  9.933798e+09  1.573094e+14  1.573094e+11  2.000000e+06
273  4.000000e+05  6.430000e-02  6.430000e-02  9.933798e+09  1.002740e+10  1.568641e+14  1.568641e+11  2.000000e+06
274  4.000000e+05  6.430000e-02  6.430000e-02  1.002740e+10  1.012068e+10  1.564216e+14  1.564216e+11  2.000000e+06
275  4.000000e+05  6.430000e-02  6.430000e-02  1.012068e+10  1.021363e+10  1.559818e+14  1.559818e+11  2.000000e+06
276  4.000000e+05  6.430000e-02  6.430000e-02  1.021363e+10  1.030625e+10  1.555449e+14  1.555449e+11  2.000000e+06
277  4.000000e+05  6.430000e-02  6.430000e-02  1.030625e+10  1.039853e+10  1.551108e+14  1.551108e+11  2.000000e+06
278  4.000000e+05  6.430000e-02  6.430000e-02  1.039853e+10  1.049047e+10  1.546795e+14  1.546795e+11  2.000000e+06
279  4.000000e+05  6.430000e-02  6.430000e-02  1.049047e+10  1.058206e+10  1.542510e+14  1.542510e+11  2.000000e+06
280  4.000000e+05  6.430000e-02  6.430000e-02  1.058206e+10  1.067332e+10  1.538252e+14  1.538252e+11  2.000000e+06
281  4.000000e+05  6.430000e-02  6.430000e-02  1.067332e+10  1.076422e+10  1.534023e+14  1.534023e+11  2.000000e+06
282  4.000000e+05  6.430000e-02  6.430000e-02  1.076422e+10  1.085477e+10  1.529822e+14  1.529822e+11  2.000000e+06
283  4.000000e+05  6.430000e-02  6.430000e-02  1.085477e+10  1.094497e+10  1.525648e+14  1.525648e+11  2.000000e+06
284  4.000000e+05  6.430000e-02  6.430000e-02  1.094497e+10  1.103481e+10  1.521502e+14  1.521502e+11  2.000000e+06
285  4.000000e+05  6.430000e-02  6.430000e-02  1.103481e+10  1.112429e+10  1.517385e+14  1.517385e+11  2.000000e+06
286  4.000000e+05  6.430000e-02  6.430000e-02  1.112429e+10  1.121341e+10  1.513294e+14  1.513294e+11  2.000000e+06
287  4.000000e+05  6.430000e-02  6.430000e-02  1.121341e+10  1.130217e+10  1.509232e+14  1.509232e+11  2.000000e+06
288  4.000000e+05  6.430000e-02  6.430000e-02  1.130217e+10  1.139055e+10  1.505197e+14  1.505197e+11  2.000000e+06
289  4.000000e+05  6.430000e-02  6.430000e-02  1.139055e+10  1.147856e+10  1.501191e+14  1.501191e+11  2.000000e+06
290  4.000000e+05  6.430000e-02  6.430000e-02  1.147856e+10  1.156620e+10  1.497211e+14  1.497211e+11  2.000000e+06
291  4.000000e+05  6.430000e-02  6.430000e-02  1.156620e+10  1.165346e+10  1.493260e+14  1.493260e+11  2.000000e+06
292  4.000000e+05  6.430000e-02  6.430000e-02  1.165346e+10  1.174034e+10  1.489335e+14  1.489335e+11  2.000000e+06
293  4.000000e+05  6.430000e-02  6.430000e-02  1.174034e+10  1.182684e+10  1.485439e+14  1.485439e+11  2.000000e+06
294  4.000000e+05  6.430000e-02  6.430000e-02  1.182684e+10  1.191295e+10  1.481570e+14  1.481570e+11  2.000000e+06
295  4.000000e+05  6.430000e-02  6.430000e-02  1.191295e+10  1.199867e+10  1.477728e+14  1.477728e+11  2.000000e+06
296  4.000000e+05  6.430000e-02  6.430000e-02  1.199867e+10  1.208400e+10  1.473914e+14  1.473914e+11  2.000000e+06
297  4.000000e+05  6.430000e-02  6.430000e-02  1.208400e+10  1.216894e+10  1.470127e+14  1.470127e+11  2.000000e+06
298  4.000000e+05  6.430000e-02  6.430000e-02  1.216894e+10  1.225348e+10  1.466368e+14  1.466368e+11  2.000000e+06
299  4.000000e+05  6.430000e-02  6.430000e-02  1.225348e+10  1.233762e+10  1.462636e+14  1.462636e+11  2.000000e+06
300  4.000000e+05  6.430000e-02  6.430000e-02  1.233762e+10  1.242136e+10  1.458931e+14  1.458931e+11  2.000000e+06
301  4.000000e+05  6.430000e-02  6.430000e-02  1.242136e+10  1.250469e+10  1.455254e+14  1.455254e+11  2.000000e+06
302  4.000000e+05  6.430000e-02  6.430000e-02  1.250469e+10  1.258762e+10  1.451603e+14  1.451603e+11  2.000000e+06
303  4.000000e+05  6.430000e-02  6.430000e-02  1.258762e+10  1.267013e+10  1.447980e+14  1.447980e+11  2.000000e+06
304  4.000000e+05  6.430000e-02  6.430000e-02  1.267013e+10  1.275223e+10  1.444384e+14  1.444384e+11  2.000000e+06
305  4.000000e+05  6.430000e-02  6.430000e-02  1.275223e+10  1.283391e+10  1.440815e+14  1.440815e+11  2.000000e+06
306  4.000000e+05  6.430000e-02  6.430000e-02  1.283391e+10  1.291518e+10  1.437273e+14  1.437273e+11  2.000000e+06
307  4.000000e+05  6.430000e-02  6.430000e-02  1.291518e+10  1.299602e+10  1.433758e+14  1.433758e+11  2.000000e+06
308  4.000000e+05  6.430000e-02  6.430000e-02  1.299602e+10  1.307644e+10  1.430271e+14  1.430271e+11  2.000000e+06
309  4.000000e+05  6.430000e-02  6.430000e-02  1.307644e+10  1.315644e+10  1.426810e+14  1.426810e+11  2.000000e+06
310  4.000000e+05  6.430000e-02  6.430000e-02  1.315644e+10  1.323600e+10  1.423375e+14  1.423375e+11  2.000000e+06
311  4.000000e+05  6.430000e-02  6.430000e-02  1.323600e+10  1.331513e+10  1.419968e+14  1.419968e+11  2.000000e+06
312  4.000000e+05  6.430000e-02  6.430000e-02  1.331513e+10  1.339383e+10  1.416588e+14  1.416588e+11  2.000000e+06
313  4.000000e+05  6.430000e-02  6.430000e-02  1.339383e+10  1.347209e+10  1.413234e+14  1.413234e+11  2.000000e+06
314  4.000000e+05  6.430000e-02  6.430000e-02  1.347209e+10  1.354991e+10  1.409907e+14  1.409907e+11  2.000000e+06
315  4.000000e+05  6.430000e-02  6.430000e-02  1.354991e+10  1.362729e+10  1.406607e+14  1.406607e+11  2.000000e+06
316  4.000000e+05  6.430000e-02  6.430000e-02  1.362729e+10  1.370423e+10  1.403333e+14  1.403333e+11  2.000000e+06
317  4.000000e+05  6.430000e-02  6.430000e-02  1.370423e+10  1.378071e+10  1.400086e+14  1.400086e+11  2.000000e+06
318  4.000000e+05  6.430000e-02  6.430000e-02  1.378071e+10  1.385675e+10  1.396865e+14  1.396865e+11  2.000000e+06
319  4.000000e+05  6.430000e-02  6.430000e-02  1.385675e+10  1.393234e+10  1.393671e+14  1.393671e+11  2.000000e+06
320  4.000000e+05  6.430000e-02  6.430000e-02  1.393234e+10  1.400747e+10  1.390503e+14  1.390503e+11  2.000000e+06
321  4.000000e+05  6.430000e-02  6.430000e-02  1.400747e+10  1.408214e+10  1.387362e+14  1.387362e+11  2.000000e+06
322  4.000000e+05  6.430000e-02  6.430000e-02  1.408214e+10  1.415636e+10  1.384247e+14  1.384247e+11  2.000000e+06
323  4.000000e+05  6.430000e-02  6.430000e-02  1.415636e+10  1.423011e+10  1.381158e+14  1.381158e+11  2.000000e+06
324  4.000000e+05  6.430000e-02  6.430000e-02  1.423011e+10  1.430340e+10  1.378096e+14  1.378096e+11  2.000000e+06
325  4.000000e+05  6.430000e-02  6.430000e-02  1.430340e+10  1.437622e+10  1.375060e+14  1.375060e+11  2.000000e+06
326  4.000000e+05  6.430000e-02  6.430000e-02  1.437622e+10  1.444858e+10  1.372050e+14  1.372050e+11  2.000000e+06
327  4.000000e+05  6.430000e-02  6.430000e-02  1.444858e+10  1.452046e+10  1.369066e+14  1.369066e+11  2.000000e+06
328  4.000000e+05  6.430000e-02  6.430000e-02  1.452046e+10  1.459186e+10  1.366108e+14  1.366108e+11  2.000000e+06
329  4.000000e+05  6.430000e-02  6.430000e-02  1.459186e+10  1.466280e+10  1.363177e+14  1.363177e+11  2.000000e+06
330  4.000000e+05  6.430000e-02  6.430000e-02  1.466280e+10  1.473325e+10  1.360271e+14  1.360271e+11  2.000000e+06
331  4.000000e+05  6.430000e-02  6.430000e-02  1.473325e+10  1.480322e+10  1.357391e+14  1.357391e+11  2.000000e+06
332  4.000000e+05  6.430000e-02  6.430000e-02  1.480322e+10  1.487271e+10  1.354538e+14  1.354538e+11  2.000000e+06
333  4.000000e+05  6.430000e-02  6.430000e-02  1.487271e+10  1.494172e+10  1.351710e+14  1.351710e+11  2.000000e+06
334  4.000000e+05  6.430000e-02  6.430000e-02  1.494172e+10  1.501023e+10  1.348908e+14  1.348908e+11  2.000000e+06
335  4.000000e+05  6.430000e-02  6.430000e-02  1.501023e+10  1.507826e+10  1.346131e+14  1.346131e+11  2.000000e+06
336  4.000000e+05  6.430000e-02  6.430000e-02  1.507826e+10  1.514579e+10  1.343381e+14  1.343381e+11  2.000000e+06
337  4.000000e+05  6.430000e-02  6.430000e-02  1.514579e+10  1.521284e+10  1.340656e+14  1.340656e+11  2.000000e+06
338  4.000000e+05  6.430000e-02  6.430000e-02  1.521284e+10  1.527938e+10  1.337956e+14  1.337956e+11  2.000000e+06
339  4.000000e+05  6.430000e-02  6.430000e-02  1.527938e+10  1.534543e+10  1.335283e+14  1.335283e+11  2.000000e+06
340  4.000000e+05  6.430000e-02  6.430000e-02  1.534543e+10  1.541097e+10  1.332635e+14  1.332635e+11  2.000000e+06
341  4.000000e+05  6.430000e-02  6.430000e-02  1.541097e+10  1.547601e+10  1.330012e+14  1.330012e+11  2.000000e+06
342  4.000000e+05  6.430000e-02  6.430000e-02  1.547601e+10  1.554055e+10  1.327415e+14  1.327415e+11  2.000000e+06
343  4.000000e+05  6.430000e-02  6.430000e-02  1.554055e+10  1.560458e+10  1.324843e+14  1.324843e+11  2.000000e+06
344  4.000000e+05  6.430000e-02  6.430000e-02  1.560458e+10  1.566810e+10  1.322297e+14  1.322297e+11  2.000000e+06
345  4.000000e+05  6.430000e-02  6.430000e-02  1.566810e+10  1.573112e+10  1.319776e+14  1.319776e+11  2.000000e+06
346  4.000000e+05  6.430000e-02  6.430000e-02  1.573112e+10  1.579361e+10  1.317280e+14  1.317280e+11  2.000000e+06
347  4.000000e+05  6.430000e-02  6.430000e-02  1.579361e+10  1.585559e+10  1.314809e+14  1.314809e+11  2.000000e+06
348  4.000000e+05  6.430000e-02  6.430000e-02  1.585559e+10  1.591706e+10  1.312364e+14  1.312364e+11  2.000000e+06
349  4.000000e+05  6.430000e-02  6.430000e-02  1.591706e+10  1.597800e+10  1.309944e+14  1.309944e+11  2.000000e+06
350  4.000000e+05  6.430000e-02  6.430000e-02  1.597800e+10  1.603843e+10  1.307549e+14  1.307549e+11  2.000000e+06
351  4.000000e+05  6.430000e-02  6.430000e-02  1.603843e+10  1.609833e+10  1.305179e+14  1.305179e+11  2.000000e+06
352  4.000000e+05  6.430000e-02  6.430000e-02  1.609833e+10  1.615770e+10  1.302834e+14  1.302834e+11  2.000000e+06
353  4.000000e+05  6.430000e-02  6.430000e-02  1.615770e+10  1.621655e+10  1.300514e+14  1.300514e+11  2.000000e+06
354  4.000000e+05  6.430000e-02  6.430000e-02  1.621655e+10  1.627487e+10  1.298219e+14  1.298219e+11  2.000000e+06
355  4.000000e+05  6.430000e-02  6.430000e-02  1.627487e+10  1.633266e+10  1.295948e+14  1.295948e+11  2.000000e+06
356  4.000000e+05  6.430000e-02  6.430000e-02  1.633266e+10  1.638991e+10  1.293703e+14  1.293703e+11  2.000000e+06
357  4.000000e+05  6.430000e-02  6.430000e-02  1.638991e+10  1.644663e+10  1.291483e+14  1.291483e+11  2.000000e+06
358  4.000000e+05  6.430000e-02  6.430000e-02  1.644663e+10  1.650282e+10  1.289287e+14  1.289287e+11  2.000000e+06
359  4.000000e+05  6.430000e-02  6.430000e-02  1.650282e+10  1.655846e+10  1.287116e+14  1.287116e+11  2.000000e+06
360  4.000000e+05  6.430000e-02  6.430000e-02  1.655846e+10  1.661357e+10  1.284969e+14  1.284969e+11  2.000000e+06
361  4.000000e+05  6.430000e-02  6.430000e-02  1.661357e+10  1.666813e+10  1.282848e+14  1.282848e+11  2.000000e+06
362  4.000000e+05  6.430000e-02  6.430000e-02  1.666813e+10  1.672215e+10  1.280751e+14  1.280751e+11  2.000000e+06
363  4.000000e+05  6.430000e-02  6.430000e-02  1.672215e+10  1.677563e+10  1.278678e+14  1.278678e+11  2.000000e+06
364  4.000000e+05  6.430000e-02  6.430000e-02  1.677563e+10  1.682855e+10  1.276630e+14  1.276630e+11  2.000000e+06
365  4.000000e+05  6.430000e-02  6.430000e-02  1.682855e+10  1.688093e+10  1.274606e+14  1.274606e+11  2.000000e+06
366  4.000000e+05  6.430000e-02  6.430000e-02  1.688093e+10  1.693276e+10  1.272607e+14  1.272607e+11  2.000000e+06
367  4.000000e+05  6.430000e-02  6.430000e-02  1.693276e+10  1.698403e+10  1.270633e+14  1.270633e+11  2.000000e+06
368  4.000000e+05  6.430000e-02  6.430000e-02  1.698403e+10  1.703475e+10  1.268682e+14  1.268682e+11  2.000000e+06
369  4.000000e+05  6.430000e-02  6.430000e-02  1.703475e+10  1.708491e+10  1.266756e+14  1.266756e+11  2.000000e+06
370  4.000000e+05  6.430000e-02  6.430000e-02  1.708491e+10  1.713452e+10  1.264854e+14  1.264854e+11  2.000000e+06
371  4.000000e+05  6.430000e-02  6.430000e-02  1.713452e+10  1.718357e+10  1.262977e+14  1.262977e+11  2.000000e+06
372  4.000000e+05  6.430000e-02  6.430000e-02  1.718357e+10  1.723206e+10  1.261123e+14  1.261123e+11  2.000000e+06
373  4.000000e+05  6.430000e-02  6.430000e-02  1.723206e+10  1.727998e+10  1.259294e+14  1.259294e+11  2.000000e+06
374  4.000000e+05  6.430000e-02  6.430000e-02  1.727998e+10  1.732734e+10  1.257489e+14  1.257489e+11  2.000000e+06
375  4.000000e+05  6.430000e-02  6.430000e-02  1.732734e+10  1.737414e+10  1.255708e+14  1.255708e+11  2.000000e+06
376  4.000000e+05  6.430000e-02  6.430000e-02  1.737414e+10  1.742037e+10  1.253951e+14  1.253951e+11  2.000000e+06
377  4.000000e+05  6.430000e-02  6.430000e-02  1.742037e+10  1.746603e+10  1.252218e+14  1.252218e+11  2.000000e+06
378  4.000000e+05  6.430000e-02  6.430000e-02  1.746603e+10  1.751112e+10  1.250509e+14  1.250509e+11  2.000000e+06
379  4.000000e+05  6.430000e-02  6.430000e-02  1.751112e+10  1.755564e+10  1.248824e+14  1.248824e+11  2.000000e+06
380  4.000000e+05  6.430000e-02  6.430000e-02  1.755564e+10  1.759958e+10  1.247163e+14  1.247163e+11  2.000000e+06
381  4.000000e+05  6.430000e-02  6.430000e-02  1.759958e+10  1.764295e+10  1.245526e+14  1.245526e+11  2.000000e+06
382  4.000000e+05  6.430000e-02  6.430000e-02  1.764295e+10  1.768575e+10  1.243913e+14  1.243913e+11  2.000000e+06
383  4.000000e+05  6.430000e-02  6.430000e-02  1.768575e+10  1.772797e+10  1.242323e+14  1.242323e+11  2.000000e+06
384  4.000000e+05  6.430000e-02  6.430000e-02  1.772797e+10  1.776961e+10  1.240757e+14  1.240757e+11  2.000000e+06
385  4.000000e+05  6.430000e-02  6.430000e-02  1.776961e+10  1.781067e+10  1.239215e+14  1.239215e+11  2.000000e+06
386  4.000000e+05  6.430000e-02  6.430000e-02  1.781067e+10  1.785115e+10  1.237697e+14  1.237697e+11  2.000000e+06
387  4.000000e+05  6.430000e-02  6.430000e-02  1.785115e+10  1.789105e+10  1.236202e+14  1.236202e+11  2.000000e+06
388  4.000000e+05  6.430000e-02  6.430000e-02  1.789105e+10  1.793037e+10  1.234731e+14  1.234731e+11  2.000000e+06
389  4.000000e+05  6.430000e-02  6.430000e-02  1.793037e+10  1.796910e+10  1.233284e+14  1.233284e+11  2.000000e+06
390  4.000000e+05  6.430000e-02  6.430000e-02  1.796910e+10  1.800724e+10  1.231860e+14  1.231860e+11  2.000000e+06
391  4.000000e+05  6.430000e-02  6.430000e-02  1.800724e+10  1.804479e+10  1.230459e+14  1.230459e+11  2.000000e+06
392  4.000000e+05  6.430000e-02  6.430000e-02  1.804479e+10  1.808176e+10  1.229082e+14  1.229082e+11  2.000000e+06
393  4.000000e+05  6.430000e-02  6.430000e-02  1.808176e+10  1.811814e+10  1.227729e+14  1.227729e+11  2.000000e+06
394  4.000000e+05  6.430000e-02  6.430000e-02  1.811814e+10  1.815392e+10  1.226399e+14  1.226399e+11  2.000000e+06
395  4.000000e+05  6.430000e-02  6.430000e-02  1.815392e+10  1.818912e+10  1.225093e+14  1.225093e+11  2.000000e+06
396  4.000000e+05  6.430000e-02  6.430000e-02  1.818912e+10  1.822372e+10  1.223810e+14  1.223810e+11  2.000000e+06
397  4.000000e+05  6.430000e-02  6.430000e-02  1.822372e+10  1.825772e+10  1.222550e+14  1.222550e+11  2.000000e+06
398  4.000000e+05  6.430000e-02  6.430000e-02  1.825772e+10  1.829113e+10  1.221313e+14  1.221313e+11  2.000000e+06
399  4.000000e+05  6.430000e-02  6.430000e-02  1.829113e+10  1.832394e+10  1.220100e+14  1.220100e+11  2.000000e+06
400  4.000000e+05  6.430000e-02  6.430000e-02  1.832394e+10  1.835616e+10  1.218910e+14  1.218910e+11  2.000000e+06
401  4.000000e+05  6.430000e-02  6.430000e-02  1.835616e+10  1.838777e+10  1.217744e+14  1.217744e+11  2.000000e+06
402  4.000000e+05  6.430000e-02  6.430000e-02  1.838777e+10  1.841879e+10  1.216600e+14  1.216600e+11  2.000000e+06
403  4.000000e+05  6.430000e-02  6.430000e-02  1.841879e+10  1.844921e+10  1.215480e+14  1.215480e+11  2.000000e+06
404  4.000000e+05  6.430000e-02  6.430000e-02  1.844921e+10  1.847902e+10  1.214383e+14  1.214383e+11  2.000000e+06
405  4.000000e+05  6.430000e-02  6.430000e-02  1.847902e+10  1.850823e+10  1.213309e+14  1.213309e+11  2.000000e+06
406  4.000000e+05  6.430000e-02  6.430000e-02  1.850823e+10  1.853684e+10  1.212258e+14  1.212258e+11  2.000000e+06
407  4.000000e+05  6.430000e-02  6.430000e-02  1.853684e+10  1.856484e+10  1.211231e+14  1.211231e+11  2.000000e+06
408  4.000000e+05  6.430000e-02  6.430000e-02  1.856484e+10  1.859223e+10  1.210226e+14  1.210226e+11  2.000000e+06
409  4.000000e+05  6.430000e-02  6.430000e-02  1.859223e+10  1.861902e+10  1.209245e+14  1.209245e+11  2.000000e+06
410  4.000000e+05  6.430000e-02  6.430000e-02  1.861902e+10  1.864520e+10  1.208286e+14  1.208286e+11  2.000000e+06
411  4.000000e+05  6.430000e-02  6.430000e-02  1.864520e+10  1.867078e+10  1.207351e+14  1.207351e+11  2.000000e+06
412  4.000000e+05  6.430000e-02  6.430000e-02  1.867078e+10  1.869574e+10  1.206438e+14  1.206438e+11  2.000000e+06
413  4.000000e+05  6.430000e-02  6.430000e-02  1.869574e+10  1.872010e+10  1.205549e+14  1.205549e+11  2.000000e+06
414  4.000000e+05  6.430000e-02  6.430000e-02  1.872010e+10  1.874384e+10  1.204682e+14  1.204682e+11  2.000000e+06
415  4.000000e+05  6.430000e-02  6.430000e-02  1.874384e+10  1.876697e+10  1.203838e+14  1.203838e+11  2.000000e+06
416  4.000000e+05  6.430000e-02  6.430000e-02  1.876697e+10  1.878949e+10  1.203017e+14  1.203017e+11  2.000000e+06
417  4.000000e+05  6.430000e-02  6.430000e-02  1.878949e+10  1.881140e+10  1.202220e+14  1.202220e+11  2.000000e+06
418  4.000000e+05  6.430000e-02  6.430000e-02  1.881140e+10  1.883269e+10  1.201444e+14  1.201444e+11  2.000000e+06
419  4.000000e+05  6.430000e-02  6.430000e-02  1.883269e+10  1.885337e+10  1.200692e+14  1.200692e+11  2.000000e+06
420  4.000000e+05  6.430000e-02  6.430000e-02  1.885337e+10  1.887343e+10  1.199963e+14  1.199963e+11  2.000000e+06
421  4.000000e+05  6.430000e-02  6.430000e-02  1.887343e+10  1.889288e+10  1.199256e+14  1.199256e+11  2.000000e+06
422  4.000000e+05  6.430000e-02  6.430000e-02  1.889288e+10  1.891171e+10  1.198572e+14  1.198572e+11  2.000000e+06
423  4.000000e+05  6.430000e-02  6.430000e-02  1.891171e+10  1.892993e+10  1.197911e+14  1.197911e+11  2.000000e+06
424  4.000000e+05  6.430000e-02  6.430000e-02  1.892993e+10  1.894752e+10  1.197273e+14  1.197273e+11  2.000000e+06
425  4.000000e+05  6.430000e-02  6.430000e-02  1.894752e+10  1.896450e+10  1.196658e+14  1.196658e+11  2.000000e+06
426  4.000000e+05  6.430000e-02  6.430000e-02  1.896450e+10  1.898086e+10  1.196065e+14  1.196065e+11  2.000000e+06
427  4.000000e+05  6.430000e-02  6.430000e-02  1.898086e+10  1.899660e+10  1.195495e+14  1.195495e+11  2.000000e+06
428  4.000000e+05  6.430000e-02  6.430000e-02  1.899660e+10  1.901172e+10  1.194948e+14  1.194948e+11  2.000000e+06
429  4.000000e+05  6.430000e-02  6.430000e-02  1.901172e+10  1.902622e+10  1.194423e+14  1.194423e+11  2.000000e+06
430  4.000000e+05  6.430000e-02  6.430000e-02  1.902622e+10  1.904010e+10  1.193921e+14  1.193921e+11  2.000000e+06
431  4.000000e+05  6.430000e-02  6.430000e-02  1.904010e+10  1.905336e+10  1.193442e+14  1.193442e+11  2.000000e+06
432  4.000000e+05  6.430000e-02  6.430000e-02  1.905336e+10  1.906600e+10  1.192985e+14  1.192985e+11  2.000000e+06
433  4.000000e+05  6.430000e-02  6.430000e-02  1.906600e+10  1.907801e+10  1.192551e+14  1.192551e+11  2.000000e+06
434  4.000000e+05  6.430000e-02  6.430000e-02  1.907801e+10  1.908940e+10  1.192139e+14  1.192139e+11  2.000000e+06
435  4.000000e+05  6.430000e-02  6.430000e-02  1.908940e+10  1.910017e+10  1.191751e+14  1.191751e+11  2.000000e+06
436  4.000000e+05  6.430000e-02  6.430000e-02  1.910017e+10  1.911032e+10  1.191385e+14  1.191385e+11  2.000000e+06
437  4.000000e+05  6.430000e-02  6.430000e-02  1.911032e+10  1.911984e+10  1.191041e+14  1.191041e+11  2.000000e+06
438  4.000000e+05  6.430000e-02  6.430000e-02  1.911984e+10  1.912874e+10  1.190720e+14  1.190720e+11  2.000000e+06
439  4.000000e+05  6.430000e-02  6.430000e-02  1.912874e+10  1.913702e+10  1.190422e+14  1.190422e+11  2.000000e+06
440  4.000000e+05  6.430000e-02  6.430000e-02  1.913702e+10  1.914467e+10  1.190146e+14  1.190146e+11  2.000000e+06
441  4.000000e+05  6.430000e-02  6.430000e-02  1.914467e+10  1.915169e+10  1.189893e+14  1.189893e+11  2.000000e+06
442  4.000000e+05  6.430000e-02  6.430000e-02  1.915169e+10  1.915809e+10  1.189662e+14  1.189662e+11  2.000000e+06
443  4.000000e+05  6.430000e-02  6.430000e-02  1.915809e+10  1.916387e+10  1.189454e+14  1.189454e+11  2.000000e+06
444  4.000000e+05  6.430000e-02  6.430000e-02  1.916387e+10  1.916902e+10  1.189268e+14  1.189268e+11  2.000000e+06
445  4.000000e+05  6.430000e-02  6.430000e-02  1.916902e+10  1.917354e+10  1.189105e+14  1.189105e+11  2.000000e+06
446  4.000000e+05  6.430000e-02  6.430000e-02  1.917354e+10  1.917744e+10  1.188965e+14  1.188965e+11  2.000000e+06
447  4.000000e+05  6.430000e-02  6.430000e-02  1.917744e+10  1.918072e+10  1.188847e+14  1.188847e+11  2.000000e+06
448  4.000000e+05  6.430000e-02  6.430000e-02  1.918072e+10  1.918336e+10  1.188752e+14  1.188752e+11  2.000000e+06
449  4.000000e+05  6.430000e-02  6.430000e-02  1.918336e+10  1.918539e+10  1.188679e+14  1.188679e+11  2.000000e+06
450  4.000000e+05  6.430000e-02  6.430000e-02  1.918539e+10  1.918678e+10  1.188629e+14  1.188629e+11  2.000000e+06
451  4.000000e+05  6.430000e-02  6.430000e-02  1.918678e+10  1.918755e+10  1.188601e+14  1.188601e+11  2.000000e+06
452  2.920889e+05  6.430000e-02  6.430000e-02  1.918755e+10  1.918772e+10  1.188594e+14  1.188594e+11  2.000000e+06
453  2.920889e+05  6.430000e-02  6.430000e-02  1.918772e+10  1.918755e+10  1.188594e+14  1.188594e+11  2.000000e+06
454  4.000000e+05  6.430000e-02  6.430000e-02  1.918755e+10  1.918678e+10  1.188601e+14  1.188601e+11  2.000000e+06
455  4.000000e+05  6.430000e-02  6.430000e-02  1.918678e+10  1.918539e+10  1.188629e+14  1.188629e+11  2.000000e+06
456  4.000000e+05  6.430000e-02  6.430000e-02  1.918539e+10  1.918336e+10  1.188679e+14  1.188679e+11  2.000000e+06
457  4.000000e+05  6.430000e-02  6.430000e-02  1.918336e+10  1.918072e+10  1.188752e+14  1.188752e+11  2.000000e+06
458  4.000000e+05  6.430000e-02  6.430000e-02  1.918072e+10  1.917744e+10  1.188847e+14  1.188847e+11  2.000000e+06
459  4.000000e+05  6.430000e-02  6.430000e-02  1.917744e+10  1.917354e+10  1.188965e+14  1.188965e+11  2.000000e+06
460  4.000000e+05  6.430000e-02  6.430000e-02  1.917354e+10  1.916902e+10  1.189105e+14  1.189105e+11  2.000000e+06
461  4.000000e+05  6.430000e-02  6.430000e-02  1.916902e+10  1.916387e+10  1.189268e+14  1.189268e+11  2.000000e+06
462  4.000000e+05  6.430000e-02  6.430000e-02  1.916387e+10  1.915809e+10  1.189454e+14  1.189454e+11  2.000000e+06
463  4.000000e+05  6.430000e-02  6.430000e-02  1.915809e+10  1.915169e+10  1.189662e+14  1.189662e+11  2.000000e+06
464  4.000000e+05  6.430000e-02  6.430000e-02  1.915169e+10  1.914467e+10  1.189893e+14  1.189893e+11  2.000000e+06
465  4.000000e+05  6.430000e-02  6.430000e-02  1.914467e+10  1.913702e+10  1.190146e+14  1.190146e+11  2.000000e+06
466  4.000000e+05  6.430000e-02  6.430000e-02  1.913702e+10  1.912874e+10  1.190422e+14  1.190422e+11  2.000000e+06
467  4.000000e+05  6.430000e-02  6.430000e-02  1.912874e+10  1.911984e+10  1.190720e+14  1.190720e+11  2.000000e+06
468  4.000000e+05  6.430000e-02  6.430000e-02  1.911984e+10  1.911032e+10  1.191041e+14  1.191041e+11  2.000000e+06
469  4.000000e+05  6.430000e-02  6.430000e-02  1.911032e+10  1.910017e+10  1.191385e+14  1.191385e+11  2.000000e+06
470  4.000000e+05  6.430000e-02  6.430000e-02  1.910017e+10  1.908940e+10  1.191751e+14  1.191751e+11  2.000000e+06
471  4.000000e+05  6.430000e-02  6.430000e-02  1.908940e+10  1.907801e+10  1.192139e+14  1.192139e+11  2.000000e+06
472  4.000000e+05  6.430000e-02  6.430000e-02  1.907801e+10  1.906600e+10  1.192551e+14  1.192551e+11  2.000000e+06
473  4.000000e+05  6.430000e-02  6.430000e-02  1.906600e+10  1.905336e+10  1.192985e+14  1.192985e+11  2.000000e+06
474  4.000000e+05  6.430000e-02  6.430000e-02  1.905336e+10  1.904010e+10  1.193442e+14  1.193442e+11  2.000000e+06
475  4.000000e+05  6.430000e-02  6.430000e-02  1.904010e+10  1.902622e+10  1.193921e+14  1.193921e+11  2.000000e+06
476  4.000000e+05  6.430000e-02  6.430000e-02  1.902622e+10  1.901172e+10  1.194423e+14  1.194423e+11  2.000000e+06
477  4.000000e+05  6.430000e-02  6.430000e-02  1.901172e+10  1.899660e+10  1.194948e+14  1.194948e+11  2.000000e+06
478  4.000000e+05  6.430000e-02  6.430000e-02  1.899660e+10  1.898086e+10  1.195495e+14  1.195495e+11  2.000000e+06
479  4.000000e+05  6.430000e-02  6.430000e-02  1.898086e+10  1.896450e+10  1.196065e+14  1.196065e+11  2.000000e+06
480  4.000000e+05  6.430000e-02  6.430000e-02  1.896450e+10  1.894752e+10  1.196658e+14  1.196658e+11  2.000000e+06
481  4.000000e+05  6.430000e-02  6.430000e-02  1.894752e+10  1.892993e+10  1.197273e+14  1.197273e+11  2.000000e+06
482  4.000000e+05  6.430000e-02  6.430000e-02  1.892993e+10  1.891171e+10  1.197911e+14  1.197911e+11  2.000000e+06
483  4.000000e+05  6.430000e-02  6.430000e-02  1.891171e+10  1.889288e+10  1.198572e+14  1.198572e+11  2.000000e+06
484  4.000000e+05  6.430000e-02  6.430000e-02  1.889288e+10  1.887343e+10  1.199256e+14  1.199256e+11  2.000000e+06
485  4.000000e+05  6.430000e-02  6.430000e-02  1.887343e+10  1.885337e+10  1.199963e+14  1.199963e+11  2.000000e+06
486  4.000000e+05  6.430000e-02  6.430000e-02  1.885337e+10  1.883269e+10  1.200692e+14  1.200692e+11  2.000000e+06
487  4.000000e+05  6.430000e-02  6.430000e-02  1.883269e+10  1.881140e+10  1.201444e+14  1.201444e+11  2.000000e+06
488  4.000000e+05  6.430000e-02  6.430000e-02  1.881140e+10  1.878949e+10  1.202220e+14  1.202220e+11  2.000000e+06
489  4.000000e+05  6.430000e-02  6.430000e-02  1.878949e+10  1.876697e+10  1.203017e+14  1.203017e+11  2.000000e+06
490  4.000000e+05  6.430000e-02  6.430000e-02  1.876697e+10  1.874384e+10  1.203838e+14  1.203838e+11  2.000000e+06
491  4.000000e+05  6.430000e-02  6.430000e-02  1.874384e+10  1.872010e+10  1.204682e+14  1.204682e+11  2.000000e+06
492  4.000000e+05  6.430000e-02  6.430000e-02  1.872010e+10  1.869574e+10  1.205549e+14  1.205549e+11  2.000000e+06
493  4.000000e+05  6.430000e-02  6.430000e-02  1.869574e+10  1.867078e+10  1.206438e+14  1.206438e+11  2.000000e+06
494  4.000000e+05  6.430000e-02  6.430000e-02  1.867078e+10  1.864520e+10  1.207351e+14  1.207351e+11  2.000000e+06
495  4.000000e+05  6.430000e-02  6.430000e-02  1.864520e+10  1.861902e+10  1.208286e+14  1.208286e+11  2.000000e+06
496  4.000000e+05  6.430000e-02  6.430000e-02  1.861902e+10  1.859223e+10  1.209245e+14  1.209245e+11  2.000000e+06
497  4.000000e+05  6.430000e-02  6.430000e-02  1.859223e+10  1.856484e+10  1.210226e+14  1.210226e+11  2.000000e+06
498  4.000000e+05  6.430000e-02  6.430000e-02  1.856484e+10  1.853684e+10  1.211231e+14  1.211231e+11  2.000000e+06
499  4.000000e+05  6.430000e-02  6.430000e-02  1.853684e+10  1.850823e+10  1.212258e+14  1.212258e+11  2.000000e+06
500  4.000000e+05  6.430000e-02  6.430000e-02  1.850823e+10  1.847902e+10  1.213309e+14  1.213309e+11  2.000000e+06
501  4.000000e+05  6.430000e-02  6.430000e-02  1.847902e+10  1.844921e+10  1.214383e+14  1.214383e+11  2.000000e+06
502  4.000000e+05  6.430000e-02  6.430000e-02  1.844921e+10  1.841879e+10  1.215480e+14  1.215480e+11  2.000000e+06
503  4.000000e+05  6.430000e-02  6.430000e-02  1.841879e+10  1.838777e+10  1.216600e+14  1.216600e+11  2.000000e+06
504  4.000000e+05  6.430000e-02  6.430000e-02  1.838777e+10  1.835616e+10  1.217744e+14  1.217744e+11  2.000000e+06
505  4.000000e+05  6.430000e-02  6.430000e-02  1.835616e+10  1.832394e+10  1.218910e+14  1.218910e+11  2.000000e+06
506  4.000000e+05  6.430000e-02  6.430000e-02  1.832394e+10  1.829113e+10  1.220100e+14  1.220100e+11  2.000000e+06
507  4.000000e+05  6.430000e-02  6.430000e-02  1.829113e+10  1.825772e+10  1.221313e+14  1.221313e+11  2.000000e+06
508  4.000000e+05  6.430000e-02  6.430000e-02  1.825772e+10  1.822372e+10  1.222550e+14  1.222550e+11  2.000000e+06
509  4.000000e+05  6.430000e-02  6.430000e-02  1.822372e+10  1.818912e+10  1.223810e+14  1.223810e+11  2.000000e+06
510  4.000000e+05  6.430000e-02  6.430000e-02  1.818912e+10  1.815392e+10  1.225093e+14  1.225093e+11  2.000000e+06
511  4.000000e+05  6.430000e-02  6.430000e-02  1.815392e+10  1.811814e+10  1.226399e+14  1.226399e+11  2.000000e+06
512  4.000000e+05  6.430000e-02  6.430000e-02  1.811814e+10  1.808176e+10  1.227729e+14  1.227729e+11  2.000000e+06
513  4.000000e+05  6.430000e-02  6.430000e-02  1.808176e+10  1.804479e+10  1.229082e+14  1.229082e+11  2.000000e+06
514  4.000000e+05  6.430000e-02  6.430000e-02  1.804479e+10  1.800724e+10  1.230459e+14  1.230459e+11  2.000000e+06
515  4.000000e+05  6.430000e-02  6.430000e-02  1.800724e+10  1.796910e+10  1.231860e+14  1.231860e+11  2.000000e+06
516  4.000000e+05  6.430000e-02  6.430000e-02  1.796910e+10  1.793037e+10  1.233284e+14  1.233284e+11  2.000000e+06
517  4.000000e+05  6.430000e-02  6.430000e-02  1.793037e+10  1.789105e+10  1.234731e+14  1.234731e+11  2.000000e+06
518  4.000000e+05  6.430000e-02  6.430000e-02  1.789105e+10  1.785115e+10  1.236202e+14  1.236202e+11  2.000000e+06
519  4.000000e+05  6.430000e-02  6.430000e-02  1.785115e+10  1.781067e+10  1.237697e+14  1.237697e+11  2.000000e+06
520  4.000000e+05  6.430000e-02  6.430000e-02  1.781067e+10  1.776961e+10  1.239215e+14  1.239215e+11  2.000000e+06
521  4.000000e+05  6.430000e-02  6.430000e-02  1.776961e+10  1.772797e+10  1.240757e+14  1.240757e+11  2.000000e+06
522  4.000000e+05  6.430000e-02  6.430000e-02  1.772797e+10  1.768575e+10  1.242323e+14  1.242323e+11  2.000000e+06
523  4.000000e+05  6.430000e-02  6.430000e-02  1.768575e+10  1.764295e+10  1.243913e+14  1.243913e+11  2.000000e+06
524  4.000000e+05  6.430000e-02  6.430000e-02  1.764295e+10  1.759958e+10  1.245526e+14  1.245526e+11  2.000000e+06
525  4.000000e+05  6.430000e-02  6.430000e-02  1.759958e+10  1.755564e+10  1.247163e+14  1.247163e+11  2.000000e+06
526  4.000000e+05  6.430000e-02  6.430000e-02  1.755564e+10  1.751112e+10  1.248824e+14  1.248824e+11  2.000000e+06
527  4.000000e+05  6.430000e-02  6.430000e-02  1.751112e+10  1.746603e+10  1.250509e+14  1.250509e+11  2.000000e+06
528  4.000000e+05  6.430000e-02  6.430000e-02  1.746603e+10  1.742037e+10  1.252218e+14  1.252218e+11  2.000000e+06
529  4.000000e+05  6.430000e-02  6.430000e-02  1.742037e+10  1.737414e+10  1.253951e+14  1.253951e+11  2.000000e+06
530  4.000000e+05  6.430000e-02  6.430000e-02  1.737414e+10  1.732734e+10  1.255708e+14  1.255708e+11  2.000000e+06
531  4.000000e+05  6.430000e-02  6.430000e-02  1.732734e+10  1.727998e+10  1.257489e+14  1.257489e+11  2.000000e+06
532  4.000000e+05  6.430000e-02  6.430000e-02  1.727998e+10  1.723206e+10  1.259294e+14  1.259294e+11  2.000000e+06
533  4.000000e+05  6.430000e-02  6.430000e-02  1.723206e+10  1.718357e+10  1.261123e+14  1.261123e+11  2.000000e+06
534  4.000000e+05  6.430000e-02  6.430000e-02  1.718357e+10  1.713452e+10  1.262977e+14  1.262977e+11  2.000000e+06
535  4.000000e+05  6.430000e-02  6.430000e-02  1.713452e+10  1.708491e+10  1.264854e+14  1.264854e+11  2.000000e+06
536  4.000000e+05  6.430000e-02  6.430000e-02  1.708491e+10  1.703475e+10  1.266756e+14  1.266756e+11  2.000000e+06
537  4.000000e+05  6.430000e-02  6.430000e-02  1.703475e+10  1.698403e+10  1.268682e+14  1.268682e+11  2.000000e+06
538  4.000000e+05  6.430000e-02  6.430000e-02  1.698403e+10  1.693276e+10  1.270633e+14  1.270633e+11  2.000000e+06
539  4.000000e+05  6.430000e-02  6.430000e-02  1.693276e+10  1.688093e+10  1.272607e+14  1.272607e+11  2.000000e+06
540  4.000000e+05  6.430000e-02  6.430000e-02  1.688093e+10  1.682855e+10  1.274606e+14  1.274606e+11  2.000000e+06
541  4.000000e+05  6.430000e-02  6.430000e-02  1.682855e+10  1.677563e+10  1.276630e+14  1.276630e+11  2.000000e+06
542  4.000000e+05  6.430000e-02  6.430000e-02  1.677563e+10  1.672215e+10  1.278678e+14  1.278678e+11  2.000000e+06
543  4.000000e+05  6.430000e-02  6.430000e-02  1.672215e+10  1.666813e+10  1.280751e+14  1.280751e+11  2.000000e+06
544  4.000000e+05  6.430000e-02  6.430000e-02  1.666813e+10  1.661357e+10  1.282848e+14  1.282848e+11  2.000000e+06
545  4.000000e+05  6.430000e-02  6.430000e-02  1.661357e+10  1.655846e+10  1.284969e+14  1.284969e+11  2.000000e+06
546  4.000000e+05  6.430000e-02  6.430000e-02  1.655846e+10  1.650282e+10  1.287116e+14  1.287116e+11  2.000000e+06
547  4.000000e+05  6.430000e-02  6.430000e-02  1.650282e+10  1.644663e+10  1.289287e+14  1.289287e+11  2.000000e+06
548  4.000000e+05  6.430000e-02  6.430000e-02  1.644663e+10  1.638991e+10  1.291483e+14  1.291483e+11  2.000000e+06
549  4.000000e+05  6.430000e-02  6.430000e-02  1.638991e+10  1.633266e+10  1.293703e+14  1.293703e+11  2.000000e+06
550  4.000000e+05  6.430000e-02  6.430000e-02  1.633266e+10  1.627487e+10  1.295948e+14  1.295948e+11  2.000000e+06
551  4.000000e+05  6.430000e-02  6.430000e-02  1.627487e+10  1.621655e+10  1.298219e+14  1.298219e+11  2.000000e+06
552  4.000000e+05  6.430000e-02  6.430000e-02  1.621655e+10  1.615770e+10  1.300514e+14  1.300514e+11  2.000000e+06
553  4.000000e+05  6.430000e-02  6.430000e-02  1.615770e+10  1.609833e+10  1.302834e+14  1.302834e+11  2.000000e+06
554  4.000000e+05  6.430000e-02  6.430000e-02  1.609833e+10  1.603843e+10  1.305179e+14  1.305179e+11  2.000000e+06
555  4.000000e+05  6.430000e-02  6.430000e-02  1.603843e+10  1.597800e+10  1.307549e+14  1.307549e+11  2.000000e+06
556  4.000000e+05  6.430000e-02  6.430000e-02  1.597800e+10  1.591706e+10  1.309944e+14  1.309944e+11  2.000000e+06
557  4.000000e+05  6.430000e-02  6.430000e-02  1.591706e+10  1.585559e+10  1.312364e+14  1.312364e+11  2.000000e+06
558  4.000000e+05  6.430000e-02  6.430000e-02  1.585559e+10  1.579361e+10  1.314809e+14  1.314809e+11  2.000000e+06
559  4.000000e+05  6.430000e-02  6.430000e-02  1.579361e+10  1.573112e+10  1.317280e+14  1.317280e+11  2.000000e+06
560  4.000000e+05  6.430000e-02  6.430000e-02  1.573112e+10  1.566810e+10  1.319776e+14  1.319776e+11  2.000000e+06
561  4.000000e+05  6.430000e-02  6.430000e-02  1.566810e+10  1.560458e+10  1.322297e+14  1.322297e+11  2.000000e+06
562  4.000000e+05  6.430000e-02  6.430000e-02  1.560458e+10  1.554055e+10  1.324843e+14  1.324843e+11  2.000000e+06
563  4.000000e+05  6.430000e-02  6.430000e-02  1.554055e+10  1.547601e+10  1.327415e+14  1.327415e+11  2.000000e+06
564  4.000000e+05  6.430000e-02  6.430000e-02  1.547601e+10  1.541097e+10  1.330012e+14  1.330012e+11  2.000000e+06
565  4.000000e+05  6.430000e-02  6.430000e-02  1.541097e+10  1.534543e+10  1.332635e+14  1.332635e+11  2.000000e+06
566  4.000000e+05  6.430000e-02  6.430000e-02  1.534543e+10  1.527938e+10  1.335283e+14  1.335283e+11  2.000000e+06
567  4.000000e+05  6.430000e-02  6.430000e-02  1.527938e+10  1.521284e+10  1.337956e+14  1.337956e+11  2.000000e+06
568  4.000000e+05  6.430000e-02  6.430000e-02  1.521284e+10  1.514579e+10  1.340656e+14  1.340656e+11  2.000000e+06
569  4.000000e+05  6.430000e-02  6.430000e-02  1.514579e+10  1.507826e+10  1.343381e+14  1.343381e+11  2.000000e+06
570  4.000000e+05  6.430000e-02  6.430000e-02  1.507826e+10  1.501023e+10  1.346131e+14  1.346131e+11  2.000000e+06
571  4.000000e+05  6.430000e-02  6.430000e-02  1.501023e+10  1.494172e+10  1.348908e+14  1.348908e+11  2.000000e+06
572  4.000000e+05  6.430000e-02  6.430000e-02  1.494172e+10  1.487271e+10  1.351710e+14  1.351710e+11  2.000000e+06
573  4.000000e+05  6.430000e-02  6.430000e-02  1.487271e+10  1.480322e+10  1.354538e+14  1.354538e+11  2.000000e+06
574  4.000000e+05  6.430000e-02  6.430000e-02  1.480322e+10  1.473325e+10  1.357391e+14  1.357391e+11  2.000000e+06
575  4.000000e+05  6.430000e-02  6.430000e-02  1.473325e+10  1.466280e+10  1.360271e+14  1.360271e+11  2.000000e+06
576  4.000000e+05  6.430000e-02  6.430000e-02  1.466280e+10  1.459186e+10  1.363177e+14  1.363177e+11  2.000000e+06
577  4.000000e+05  6.430000e-02  6.430000e-02  1.459186e+10  1.452046e+10  1.366108e+14  1.366108e+11  2.000000e+06
578  4.000000e+05  6.430000e-02  6.430000e-02  1.452046e+10  1.444858e+10  1.369066e+14  1.369066e+11  2.000000e+06
579  4.000000e+05  6.430000e-02  6.430000e-02  1.444858e+10  1.437622e+10  1.372050e+14  1.372050e+11  2.000000e+06
580  4.000000e+05  6.430000e-02  6.430000e-02  1.437622e+10  1.430340e+10  1.375060e+14  1.375060e+11  2.000000e+06
581  4.000000e+05  6.430000e-02  6.430000e-02  1.430340e+10  1.423011e+10  1.378096e+14  1.378096e+11  2.000000e+06
582  4.000000e+05  6.430000e-02  6.430000e-02  1.423011e+10  1.415636e+10  1.381158e+14  1.381158e+11  2.000000e+06
583  4.000000e+05  6.430000e-02  6.430000e-02  1.415636e+10  1.408214e+10  1.384247e+14  1.384247e+11  2.000000e+06
584  4.000000e+05  6.430000e-02  6.430000e-02  1.408214e+10  1.400747e+10  1.387362e+14  1.387362e+11  2.000000e+06
585  4.000000e+05  6.430000e-02  6.430000e-02  1.400747e+10  1.393234e+10  1.390503e+14  1.390503e+11  2.000000e+06
586  4.000000e+05  6.430000e-02  6.430000e-02  1.393234e+10  1.385675e+10  1.393671e+14  1.393671e+11  2.000000e+06
587  4.000000e+05  6.430000e-02  6.430000e-02  1.385675e+10  1.378071e+10  1.396865e+14  1.396865e+11  2.000000e+06
588  4.000000e+05  6.430000e-02  6.430000e-02  1.378071e+10  1.370423e+10  1.400086e+14  1.400086e+11  2.000000e+06
589  4.000000e+05  6.430000e-02  6.430000e-02  1.370423e+10  1.362729e+10  1.403333e+14  1.403333e+11  2.000000e+06
590  4.000000e+05  6.430000e-02  6.430000e-02  1.362729e+10  1.354991e+10  1.406607e+14  1.406607e+11  2.000000e+06
591  4.000000e+05  6.430000e-02  6.430000e-02  1.354991e+10  1.347209e+10  1.409907e+14  1.409907e+11  2.000000e+06
592  4.000000e+05  6.430000e-02  6.430000e-02  1.347209e+10  1.339383e+10  1.413234e+14  1.413234e+11  2.000000e+06
593  4.000000e+05  6.430000e-02  6.430000e-02  1.339383e+10  1.331513e+10  1.416588e+14  1.416588e+11  2.000000e+06
594  4.000000e+05  6.430000e-02  6.430000e-02  1.331513e+10  1.323600e+10  1.419968e+14  1.419968e+11  2.000000e+06
595  4.000000e+05  6.430000e-02  6.430000e-02  1.323600e+10  1.315644e+10  1.423375e+14  1.423375e+11  2.000000e+06
596  4.000000e+05  6.430000e-02  6.430000e-02  1.315644e+10  1.307644e+10  1.426810e+14  1.426810e+11  2.000000e+06
597  4.000000e+05  6.430000e-02  6.430000e-02  1.307644e+10  1.299602e+10  1.430271e+14  1.430271e+11  2.000000e+06
598  4.000000e+05  6.430000e-02  6.430000e-02  1.299602e+10  1.291518e+10  1.433758e+14  1.433758e+11  2.000000e+06
599  4.000000e+05  6.430000e-02  6.430000e-02  1.291518e+10  1.283391e+10  1.437273e+14  1.437273e+11  2.000000e+06
600  4.000000e+05  6.430000e-02  6.430000e-02  1.283391e+10  1.275223e+10  1.440815e+14  1.440815e+11  2.000000e+06
601  4.000000e+05  6.430000e-02  6.430000e-02  1.275223e+10  1.267013e+10  1.444384e+14  1.444384e+11  2.000000e+06
602  4.000000e+05  6.430000e-02  6.430000e-02  1.267013e+10  1.258762e+10  1.447980e+14  1.447980e+11  2.000000e+06
603  4.000000e+05  6.430000e-02  6.430000e-02  1.258762e+10  1.250469e+10  1.451603e+14  1.451603e+11  2.000000e+06
604  4.000000e+05  6.430000e-02  6.430000e-02  1.250469e+10  1.242136e+10  1.455254e+14  1.455254e+11  2.000000e+06
605  4.000000e+05  6.430000e-02  6.430000e-02  1.242136e+10  1.233762e+10  1.458931e+14  1.458931e+11  2.000000e+06
606  4.000000e+05  6.430000e-02  6.430000e-02  1.233762e+10  1.225348e+10  1.462636e+14  1.462636e+11  2.000000e+06
607  4.000000e+05  6.430000e-02  6.430000e-02  1.225348e+10  1.216894e+10  1.466368e+14  1.466368e+11  2.000000e+06
608  4.000000e+05  6.430000e-02  6.430000e-02  1.216894e+10  1.208400e+10  1.470127e+14  1.470127e+11  2.000000e+06
609  4.000000e+05  6.430000e-02  6.430000e-02  1.208400e+10  1.199867e+10  1.473914e+14  1.473914e+11  2.000000e+06
610  4.000000e+05  6.430000e-02  6.430000e-02  1.199867e+10  1.191295e+10  1.477728e+14  1.477728e+11  2.000000e+06
611  4.000000e+05  6.430000e-02  6.430000e-02  1.191295e+10  1.182684e+10  1.481570e+14  1.481570e+11  2.000000e+06
612  4.000000e+05  6.430000e-02  6.430000e-02  1.182684e+10  1.174034e+10  1.485439e+14  1.485439e+11  2.000000e+06
613  4.000000e+05  6.430000e-02  6.430000e-02  1.174034e+10  1.165346e+10  1.489335e+14  1.489335e+11  2.000000e+06
614  4.000000e+05  6.430000e-02  6.430000e-02  1.165346e+10  1.156620e+10  1.493260e+14  1.493260e+11  2.000000e+06
615  4.000000e+05  6.430000e-02  6.430000e-02  1.156620e+10  1.147856e+10  1.497211e+14  1.497211e+11  2.000000e+06
616  4.000000e+05  6.430000e-02  6.430000e-02  1.147856e+10  1.139055e+10  1.501191e+14  1.501191e+11  2.000000e+06
617  4.000000e+05  6.430000e-02  6.430000e-02  1.139055e+10  1.130217e+10  1.505197e+14  1.505197e+11  2.000000e+06
618  4.000000e+05  6.430000e-02  6.430000e-02  1.130217e+10  1.121341e+10  1.509232e+14  1.509232e+11  2.000000e+06
619  4.000000e+05  6.430000e-02  6.430000e-02  1.121341e+10  1.112429e+10  1.513294e+14  1.513294e+11  2.000000e+06
620  4.000000e+05  6.430000e-02  6.430000e-02  1.112429e+10  1.103481e+10  1.517385e+14  1.517385e+11  2.000000e+06
621  4.000000e+05  6.430000e-02  6.430000e-02  1.103481e+10  1.094497e+10  1.521502e+14  1.521502e+11  2.000000e+06
622  4.000000e+05  6.430000e-02  6.430000e-02  1.094497e+10  1.085477e+10  1.525648e+14  1.525648e+11  2.000000e+06
623  4.000000e+05  6.430000e-02  6.430000e-02  1.085477e+10  1.076422e+10  1.529822e+14  1.529822e+11  2.000000e+06
624  4.000000e+05  6.430000e-02  6.430000e-02  1.076422e+10  1.067332e+10  1.534023e+14  1.534023e+11  2.000000e+06
625  4.000000e+05  6.430000e-02  6.430000e-02  1.067332e+10  1.058206e+10  1.538252e+14  1.538252e+11  2.000000e+06
626  4.000000e+05  6.430000e-02  6.430000e-02  1.058206e+10  1.049047e+10  1.542510e+14  1.542510e+11  2.000000e+06
627  4.000000e+05  6.430000e-02  6.430000e-02  1.049047e+10  1.039853e+10  1.546795e+14  1.546795e+11  2.000000e+06
628  4.000000e+05  6.430000e-02  6.430000e-02  1.039853e+10  1.030625e+10  1.551108e+14  1.551108e+11  2.000000e+06
629  4.000000e+05  6.430000e-02  6.430000e-02  1.030625e+10  1.021363e+10  1.555449e+14  1.555449e+11  2.000000e+06
630  4.000000e+05  6.430000e-02  6.430000e-02  1.021363e+10  1.012068e+10  1.559818e+14  1.559818e+11  2.000000e+06
631  4.000000e+05  6.430000e-02  6.430000e-02  1.012068e+10  1.002740e+10  1.564216e+14  1.564216e+11  2.000000e+06
632  4.000000e+05  6.430000e-02  6.430000e-02  1.002740e+10  9.933798e+09  1.568641e+14  1.568641e+11  2.000000e+06
633  4.000000e+05  6.430000e-02  6.430000e-02  9.933798e+09  9.839868e+09  1.573094e+14  1.573094e+11  2.000000e+06
634  4.000000e+05  6.430000e-02  6.430000e-02  9.839868e+09  9.745617e+09  1.577576e+14  1.577576e+11  2.000000e+06
635  4.000000e+05  6.430000e-02  6.430000e-02  9.745617e+09  9.651048e+09  1.582086e+14  1.582086e+11  2.000000e+06
636  4.000000e+05  6.430000e-02  6.430000e-02  9.651048e+09  9.556164e+09  1.586624e+14  1.586624e+11  2.000000e+06
637  4.000000e+05  6.430000e-02  6.430000e-02  9.556164e+09  9.460968e+09  1.591190e+14  1.591190e+11  2.000000e+06
638  4.000000e+05  6.430000e-02  6.430000e-02  9.460968e+09  9.365464e+09  1.595784e+14  1.595784e+11  2.000000e+06
639  4.000000e+05  6.430000e-02  6.430000e-02  9.365464e+09  9.269654e+09  1.600407e+14  1.600407e+11  2.000000e+06
640  4.000000e+05  6.430000e-02  6.430000e-02  9.269654e+09  9.173541e+09  1.605057e+14  1.605057e+11  2.000000e+06
641  4.000000e+05  6.430000e-02  6.430000e-02  9.173541e+09  9.077130e+09  1.609736e+14  1.609736e+11  2.000000e+06
642  4.000000e+05  6.430000e-02  6.430000e-02  9.077130e+09  8.980422e+09  1.614444e+14  1.614444e+11  2.000000e+06
643  4.000000e+05  6.430000e-02  6.430000e-02  8.980422e+09  8.883421e+09  1.619179e+14  1.619179e+11  2.000000e+06
644  4.000000e+05  6.430000e-02  6.430000e-02  8.883421e+09  8.786130e+09  1.623943e+14  1.623943e+11  2.000000e+06
645  4.000000e+05  6.430000e-02  6.430000e-02  8.786130e+09  8.688553e+09  1.628736e+14  1.628736e+11  2.000000e+06
646  4.000000e+05  6.430000e-02  6.430000e-02  8.688553e+09  8.590692e+09  1.633556e+14  1.633556e+11  2.000000e+06
647  4.000000e+05  6.430000e-02  6.430000e-02  8.590692e+09  8.492551e+09  1.638405e+14  1.638405e+11  2.000000e+06
648  4.000000e+05  6.430000e-02  6.430000e-02  8.492551e+09  8.394133e+09  1.643282e+14  1.643282e+11  2.000000e+06
649  4.000000e+05  6.430000e-02  6.430000e-02  8.394133e+09  8.295440e+09  1.648188e+14  1.648188e+11  2.000000e+06
650  4.000000e+05  6.430000e-02  6.430000e-02  8.295440e+09  8.196478e+09  1.653122e+14  1.653122e+11  2.000000e+06
651  4.000000e+05  6.430000e-02  6.430000e-02  8.196478e+09  8.097247e+09  1.658084e+14  1.658084e+11  2.000000e+06
652  4.000000e+05  6.430000e-02  6.430000e-02  8.097247e+09  7.997753e+09  1.663075e+14  1.663075e+11  2.000000e+06
653  4.000000e+05  6.430000e-02  6.430000e-02  7.997753e+09  7.897998e+09  1.668094e+14  1.668094e+11  2.000000e+06
654  4.000000e+05  6.430000e-02  6.430000e-02  7.897998e+09  7.797985e+09  1.673141e+14  1.673141e+11  2.000000e+06
655  4.000000e+05  6.430000e-02  6.430000e-02  7.797985e+09  7.697717e+09  1.678217e+14  1.678217e+11  2.000000e+06
656  4.000000e+05  6.430000e-02  6.430000e-02  7.697717e+09  7.597199e+09  1.683321e+14  1.683321e+11  2.000000e+06
657  4.000000e+05  6.430000e-02  6.430000e-02  7.597199e+09  7.496432e+09  1.688454e+14  1.688454e+11  2.000000e+06
658  4.000000e+05  6.430000e-02  6.430000e-02  7.496432e+09  7.395421e+09  1.693614e+14  1.693614e+11  2.000000e+06
659  4.000000e+05  6.430000e-02  6.430000e-02  7.395421e+09  7.294169e+09  1.698804e+14  1.698804e+11  2.000000e+06
660  4.000000e+05  6.430000e-02  6.430000e-02  7.294169e+09  7.192679e+09  1.704021e+14  1.704021e+11  2.000000e+06
661  4.000000e+05  6.430000e-02  6.430000e-02  7.192679e+09  7.090954e+09  1.709267e+14  1.709267e+11  2.000000e+06
662  4.000000e+05  6.430000e-02  6.430000e-02  7.090954e+09  6.988997e+09  1.714541e+14  1.714541e+11  2.000000e+06
663  4.000000e+05  6.430000e-02  6.430000e-02  6.988997e+09  6.886813e+09  1.719844e+14  1.719844e+11  2.000000e+06
664  4.000000e+05  6.430000e-02  6.430000e-02  6.886813e+09  6.784404e+09  1.725175e+14  1.725175e+11  2.000000e+06
665  4.000000e+05  6.430000e-02  6.430000e-02  6.784404e+09  6.681774e+09  1.730534e+14  1.730534e+11  2.000000e+06
666  4.000000e+05  6.430000e-02  6.430000e-02  6.681774e+09  6.578925e+09  1.735922e+14  1.735922e+11  2.000000e+06
667  4.000000e+05  6.430000e-02  6.430000e-02  6.578925e+09  6.475862e+09  1.741337e+14  1.741337e+11  2.000000e+06
668  4.000000e+05  6.430000e-02  6.430000e-02  6.475862e+09  6.372588e+09  1.746781e+14  1.746781e+11  2.000000e+06
669  4.000000e+05  6.430000e-02  6.430000e-02  6.372588e+09  6.269105e+09  1.752254e+14  1.752254e+11  2.000000e+06
670  4.000000e+05  6.430000e-02  6.430000e-02  6.269105e+09  6.165419e+09  1.757754e+14  1.757754e+11  2.000000e+06
671  4.000000e+05  6.430000e-02  6.430000e-02  6.165419e+09  6.061531e+09  1.763283e+14  1.763283e+11  2.000000e+06
672  4.000000e+05  6.430000e-02  6.430000e-02  6.061531e+09  5.957445e+09  1.768839e+14  1.768839e+11  2.000000e+06
673  4.000000e+05  6.430000e-02  6.430000e-02  5.957445e+09  5.853165e+09  1.774424e+14  1.774424e+11  2.000000e+06
674  4.000000e+05  6.430000e-02  6.430000e-02  5.853165e+09  5.748694e+09  1.780038e+14  1.780038e+11  2.000000e+06
675  4.000000e+05  6.430000e-02  6.430000e-02  5.748694e+09  5.644035e+09  1.785679e+14  1.785679e+11  2.000000e+06
676  4.000000e+05  6.430000e-02  6.430000e-02  5.644035e+09  5.539192e+09  1.791348e+14  1.791348e+11  2.000000e+06
677  4.000000e+05  6.430000e-02  6.430000e-02  5.539192e+09  5.434169e+09  1.797045e+14  1.797045e+11  2.000000e+06
678  4.000000e+05  6.430000e-02  6.430000e-02  5.434169e+09  5.328968e+09  1.802770e+14  1.802770e+11  2.000000e+06
679  4.000000e+05  6.430000e-02  6.430000e-02  5.328968e+09  5.223593e+09  1.808523e+14  1.808523e+11  2.000000e+06
680  4.000000e+05  6.430000e-02  6.430000e-02  5.223593e+09  5.118048e+09  1.814305e+14  1.814305e+11  2.000000e+06
681  4.000000e+05  6.430000e-02  6.430000e-02  5.118048e+09  5.012336e+09  1.820113e+14  1.820113e+11  2.000000e+06
682  4.000000e+05  6.430000e-02  6.430000e-02  5.012336e+09  4.906461e+09  1.825950e+14  1.825950e+11  2.000000e+06
683  4.000000e+05  6.430000e-02  6.430000e-02  4.906461e+09  4.800425e+09  1.831815e+14  1.831815e+11  2.000000e+06
684  4.000000e+05  6.430000e-02  6.430000e-02  4.800425e+09  4.694233e+09  1.837707e+14  1.837707e+11  2.000000e+06
685  4.000000e+05  6.430000e-02  6.430000e-02  4.694233e+09  4.587887e+09  1.843627e+14  1.843627e+11  2.000000e+06
686  4.000000e+05  6.430000e-02  6.430000e-02  4.587887e+09  4.481392e+09  1.849575e+14  1.849575e+11  2.000000e+06
687  4.000000e+05  6.430000e-02  6.430000e-02  4.481392e+09  4.374751e+09  1.855550e+14  1.855550e+11  2.000000e+06
688  4.000000e+05  6.430000e-02  6.430000e-02  4.374751e+09  4.267966e+09  1.861553e+14  1.861553e+11  2.000000e+06
689  4.000000e+05  6.430000e-02  6.430000e-02  4.267966e+09  4.161043e+09  1.867583e+14  1.867583e+11  2.000000e+06
690  4.000000e+05  6.430000e-02  6.430000e-02  4.161043e+09  4.053984e+09  1.873641e+14  1.873641e+11  2.000000e+06
691  4.000000e+05  6.430000e-02  6.430000e-02  4.053984e+09  3.946793e+09  1.879726e+14  1.879726e+11  2.000000e+06
692  4.000000e+05  6.430000e-02  6.430000e-02  3.946793e+09  3.839472e+09  1.885839e+14  1.885839e+11  2.000000e+06
693  4.000000e+05  6.430000e-02  6.430000e-02  3.839472e+09  3.732027e+09  1.891978e+14  1.891978e+11  2.000000e+06
694  4.000000e+05  6.430000e-02  6.430000e-02  3.732027e+09  3.624460e+09  1.898145e+14  1.898145e+11  2.000000e+06
695  4.000000e+05  6.430000e-02  6.430000e-02  3.624460e+09  3.516774e+09  1.904339e+14  1.904339e+11  2.000000e+06
696  4.000000e+05  6.430000e-02  6.430000e-02  3.516774e+09  3.408974e+09  1.910560e+14  1.910560e+11  2.000000e+06
697  4.000000e+05  6.430000e-02  6.430000e-02  3.408974e+09  3.301063e+09  1.916808e+14  1.916808e+11  2.000000e+06
698  4.000000e+05  6.430000e-02  6.430000e-02  3.301063e+09  3.193044e+09  1.923083e+14  1.923083e+11  2.000000e+06
699  4.000000e+05  6.430000e-02  6.430000e-02  3.193044e+09  3.084920e+09  1.929385e+14  1.929385e+11  2.000000e+06
700  4.000000e+05  6.430000e-02  6.430000e-02  3.084920e+09  2.976696e+09  1.935714e+14  1.935714e+11  2.000000e+06
701  4.000000e+05  6.430000e-02  6.430000e-02  2.976696e+09  2.868375e+09  1.942069e+14  1.942069e+11  2.000000e+06
702  4.000000e+05  6.430000e-02  6.430000e-02  2.868375e+09  2.759961e+09  1.948451e+14  1.948451e+11  2.000000e+06
703  4.000000e+05  6.430000e-02  6.430000e-02  2.759961e+09  2.651456e+09  1.954859e+14  1.954859e+11  2.000000e+06
704  4.000000e+05  6.430000e-02  6.430000e-02  2.651456e+09  2.542865e+09  1.961294e+14  1.961294e+11  2.000000e+06
705  4.000000e+05  6.430000e-02  6.430000e-02  2.542865e+09  2.434191e+09  1.967755e+14  1.967755e+11  2.000000e+06
706  4.000000e+05  6.430000e-02  6.430000e-02  2.434191e+09  2.325437e+09  1.974242e+14  1.974242e+11  2.000000e+06
707  4.000000e+05  6.430000e-02  6.430000e-02  2.325437e+09  2.216608e+09  1.980756e+14  1.980756e+11  2.000000e+06
708  3.846365e+05  6.430000e-02  6.430000e-02  2.216608e+09  2.111890e+09  1.987169e+14  1.987169e+11  2.000000e+06
709  3.628646e+05  6.430000e-02  6.430000e-02  2.111890e+09  2.013041e+09  1.993303e+14  1.993303e+11  2.000000e+06
710  3.423251e+05  6.430000e-02  6.430000e-02  2.013041e+09  1.919738e+09  1.999110e+14  1.999110e+11  2.000000e+06
711  3.229482e+05  6.430000e-02  6.430000e-02  1.919738e+09  1.831674e+09  2.004607e+14  2.004607e+11  2.000000e+06
712  3.046681e+05  6.430000e-02  6.430000e-02  1.831674e+09  1.748559e+09  2.009809e+14  2.009809e+11  2.000000e+06
713  2.874227e+05  6.430000e-02  6.430000e-02  1.748559e+09  1.670118e+09  2.014731e+14  2.014731e+11  2.000000e+06
714  2.711535e+05  6.430000e-02  6.430000e-02  1.670118e+09  1.596092e+09  2.019388e+14  2.019388e+11  2.000000e+06
715  2.558052e+05  6.430000e-02  6.430000e-02  1.596092e+09  1.526234e+09  2.023792e+14  2.023792e+11  2.000000e+06
716  2.413257e+05  6.430000e-02  6.430000e-02  1.526234e+09  1.460311e+09  2.027957e+14  2.027957e+11  2.000000e+06
717  2.276657e+05  6.430000e-02  6.430000e-02  1.460311e+09  1.398104e+09  2.031895e+14  2.031895e+11  2.000000e+06
718  2.147790e+05  6.430000e-02  6.430000e-02  1.398104e+09  1.339405e+09  2.035618e+14  2.035618e+11  2.000000e+06
719  2.026217e+05  6.430000e-02  6.430000e-02  1.339405e+09  1.284016e+09  2.039138e+14  2.039138e+11  2.000000e+06
720  1.911525e+05  6.430000e-02  6.430000e-02  1.284016e+09  1.231753e+09  2.042464e+14  2.042464e+11  2.000000e+06
721  1.803326e+05  6.430000e-02  6.430000e-02  1.231753e+09  1.182440e+09  2.045608e+14  2.045608e+11  2.000000e+06
722  1.701251e+05  6.430000e-02  6.430000e-02  1.182440e+09  1.135911e+09  2.048579e+14  2.048579e+11  2.000000e+06
723  1.604954e+05  6.430000e-02  6.430000e-02  1.135911e+09  1.092009e+09  2.051386e+14  2.051386e+11  2.000000e+06
724  1.514107e+05  6.430000e-02  6.430000e-02  1.092009e+09  1.050587e+09  2.054039e+14  2.054039e+11  2.000000e+06
725  1.428403e+05  6.430000e-02  6.430000e-02  1.050587e+09  1.011506e+09  2.056544e+14  2.056544e+11  2.000000e+06
726  1.347550e+05  6.430000e-02  6.430000e-02  1.011506e+09  9.746322e+08  2.058911e+14  2.058911e+11  2.000000e+06
727  1.271274e+05  6.430000e-02  6.430000e-02  9.746322e+08  9.398427e+08  2.061146e+14  2.061146e+11  2.000000e+06
728  1.199315e+05  6.430000e-02  6.430000e-02  9.398427e+08  9.070196e+08  2.063258e+14  2.063258e+11  2.000000e+06
729  1.131429e+05  6.430000e-02  6.430000e-02  9.070196e+08  8.760519e+08  2.065252e+14  2.065252e+11  2.000000e+06
730  1.067386e+05  6.430000e-02  6.430000e-02  8.760519e+08  8.468350e+08  2.067135e+14  2.067135e+11  2.000000e+06
731  1.006968e+05  6.430000e-02  6.430000e-02  8.468350e+08  8.192701e+08  2.068913e+14  2.068913e+11  2.000000e+06
732  9.499696e+04  6.430000e-02  6.430000e-02  8.192701e+08  7.932640e+08  2.070592e+14  2.070592e+11  2.000000e+06
733  8.961977e+04  6.430000e-02  6.430000e-02  7.932640e+08  7.687285e+08  2.072177e+14  2.072177e+11  2.000000e+06
734  8.454695e+04  6.430000e-02  6.430000e-02  7.687285e+08  7.455807e+08  2.073674e+14  2.073674e+11  2.000000e+06
735  7.976128e+04  6.430000e-02  6.430000e-02  7.455807e+08  7.237421e+08  2.075087e+14  2.075087e+11  2.000000e+06
736  7.524649e+04  6.430000e-02  6.430000e-02  7.237421e+08  7.031388e+08  2.076421e+14  2.076421e+11  2.000000e+06
737  7.098725e+04  6.430000e-02  6.430000e-02  7.031388e+08  6.837010e+08  2.077681e+14  2.077681e+11  2.000000e+06
738  6.696911e+04  6.430000e-02  6.430000e-02  6.837010e+08  6.653628e+08  2.078870e+14  2.078870e+11  2.000000e+06
739  6.317840e+04  6.430000e-02  6.430000e-02  6.653628e+08  6.480621e+08  2.079992e+14  2.079992e+11  2.000000e+06
740  5.960227e+04  6.430000e-02  6.430000e-02  6.480621e+08  6.317402e+08  2.081051e+14  2.081051e+11  2.000000e+06
741  5.622855e+04  6.430000e-02  6.430000e-02  6.317402e+08  6.163417e+08  2.082051e+14  2.082051e+11  2.000000e+06
742  5.304581e+04  6.430000e-02  6.430000e-02  6.163417e+08  6.018145e+08  2.082995e+14  2.082995e+11  2.000000e+06
743  5.004321e+04  6.430000e-02  6.430000e-02  6.018145e+08  5.881092e+08  2.083885e+14  2.083885e+11  2.000000e+06
744  4.721058e+04  6.430000e-02  6.430000e-02  5.881092e+08  5.751795e+08  2.084726e+14  2.084726e+11  2.000000e+06
745  4.453828e+04  6.430000e-02  6.430000e-02  5.751795e+08  5.629813e+08  2.085520e+14  2.085520e+11  2.000000e+06
746  4.201725e+04  6.430000e-02  6.430000e-02  5.629813e+08  5.514735e+08  2.086268e+14  2.086268e+11  2.000000e+06
747  3.963891e+04  6.430000e-02  6.430000e-02  5.514735e+08  5.406168e+08  2.086975e+14  2.086975e+11  2.000000e+06
748  3.739520e+04  6.430000e-02  6.430000e-02  5.406168e+08  5.303745e+08  2.087642e+14  2.087642e+11  2.000000e+06
749  3.527849e+04  6.430000e-02  6.430000e-02  5.303745e+08  5.207118e+08  2.088271e+14  2.088271e+11  2.000000e+06
750  3.328159e+04  6.430000e-02  6.430000e-02  5.207118e+08  5.115960e+08  2.088865e+14  2.088865e+11  2.000000e+06
751  3.139773e+04  6.430000e-02  6.430000e-02  5.115960e+08  5.029960e+08  2.089426e+14  2.089426e+11  2.000000e+06
752  2.962050e+04  6.430000e-02  6.430000e-02  5.029960e+08  4.948827e+08  2.089955e+14  2.089955e+11  2.000000e+06
753  2.794387e+04  6.430000e-02  6.430000e-02  4.948827e+08  4.872286e+08  2.090454e+14  2.090454e+11  2.000000e+06
754  2.636214e+04  6.430000e-02  6.430000e-02  4.872286e+08  4.800077e+08  2.090925e+14  2.090925e+11  2.000000e+06
755  2.486994e+04  6.430000e-02  6.430000e-02  4.800077e+08  4.731954e+08  2.091369e+14  2.091369e+11  2.000000e+06
756  2.346221e+04  6.430000e-02  6.430000e-02  4.731954e+08  4.667687e+08  2.091788e+14  2.091788e+11  2.000000e+06
757  2.213416e+04  6.430000e-02  6.430000e-02  4.667687e+08  4.607057e+08  2.092184e+14  2.092184e+11  2.000000e+06
758  2.088128e+04  6.430000e-02  6.430000e-02  4.607057e+08  4.549859e+08  2.092557e+14  2.092557e+11  2.000000e+06
759  1.969932e+04  6.430000e-02  6.430000e-02  4.549859e+08  4.495898e+08  2.092910e+14  2.092910e+11  2.000000e+06
760  1.858427e+04  6.430000e-02  6.430000e-02  4.495898e+08  4.444991e+08  2.093242e+14  2.093242e+11  2.000000e+06
761  1.753233e+04  6.430000e-02  6.430000e-02  4.444991e+08  4.396965e+08  2.093556e+14  2.093556e+11  2.000000e+06
762  1.653993e+04  6.430000e-02  6.430000e-02  4.396965e+08  4.351657e+08  2.093852e+14  2.093852e+11  2.000000e+06
763  1.560371e+04  6.430000e-02  6.430000e-02  4.351657e+08  4.308914e+08  2.094131e+14  2.094131e+11  2.000000e+06
764  1.472048e+04  6.430000e-02  6.430000e-02  4.308914e+08  4.268590e+08  2.094394e+14  2.094394e+11  2.000000e+06
765  1.388725e+04  6.430000e-02  6.430000e-02  4.268590e+08  4.230548e+08  2.094643e+14  2.094643e+11  2.000000e+06
766  1.310118e+04  6.430000e-02  6.430000e-02  4.230548e+08  4.194660e+08  2.094877e+14  2.094877e+11  2.000000e+06
767  1.235960e+04  6.430000e-02  6.430000e-02  4.194660e+08  4.160802e+08  2.095099e+14  2.095099e+11  2.000000e+06
768  1.166000e+04  6.430000e-02  6.430000e-02  4.160802e+08  4.128861e+08  2.095307e+14  2.095307e+11  2.000000e+06
769  1.100000e+04  6.430000e-02  6.430000e-02  4.128861e+08  4.098728e+08  2.095504e+14  2.095504e+11  2.000000e+06
770  1.100000e+04  6.430000e-02  6.430000e-02  4.098728e+08  4.068595e+08  2.095696e+14  2.095696e+11  2.000000e+06
771  1.100000e+04  6.430000e-02  6.430000e-02  4.068595e+08  4.038462e+08  2.095887e+14  2.095887e+11  2.000000e+06
772  1.100000e+04  6.430000e-02  6.430000e-02  4.038462e+08  4.008328e+08  2.096078e+14  2.096078e+11  2.000000e+06
773  1.100000e+04  6.430000e-02  6.430000e-02  4.008328e+08  3.978195e+08  2.096269e+14  2.096269e+11  2.000000e+06
774  1.100000e+04  6.430000e-02  6.430000e-02  3.978195e+08  3.948061e+08  2.096461e+14  2.096461e+11  2.000000e+06
775  1.100000e+04  6.430000e-02  6.430000e-02  3.948061e+08  3.917928e+08  2.096652e+14  2.096652e+11  2.000000e+06
776  1.100000e+04  6.430000e-02  6.430000e-02  3.917928e+08  3.887794e+08  2.096843e+14  2.096843e+11  2.000000e+06
777  1.100000e+04  6.430000e-02  6.430000e-02  3.887794e+08  3.857660e+08  2.097035e+14  2.097035e+11  2.000000e+06
778  1.100000e+04  6.430000e-02  6.430000e-02  3.857660e+08  3.827526e+08  2.097226e+14  2.097226e+11  2.000000e+06
779  1.100000e+04  6.430000e-02  6.430000e-02  3.827526e+08  3.797392e+08  2.097418e+14  2.097418e+11  2.000000e+06
780  1.100000e+04  6.430000e-02  6.430000e-02  3.797392e+08  3.767258e+08  2.098617e+14  2.098617e+11  1.999040e+06
781  1.100000e+04  6.430000e-02  6.430000e-02  3.767258e+08  3.737124e+08  2.106697e+14  2.106697e+11  1.991554e+06
782  1.100000e+04  6.430000e-02  6.430000e-02  3.737124e+08  3.706989e+08  2.122722e+14  2.122722e+11  1.976700e+06
783  1.100000e+04  6.430000e-02  6.430000e-02  3.706989e+08  3.676855e+08  2.146935e+14  2.146935e+11  1.954588e+06
784  1.100000e+04  6.430000e-02  6.430000e-02  3.676855e+08  3.646720e+08  2.179704e+14  2.179704e+11  1.925383e+06
785  1.100000e+04  6.430000e-02  6.430000e-02  3.646720e+08  3.616586e+08  2.221541e+14  2.221541e+11  1.889303e+06
786  1.100000e+04  6.430000e-02  6.430000e-02  3.616586e+08  3.586451e+08  2.273114e+14  2.273114e+11  1.846616e+06
787  1.100000e+04  6.430000e-02  6.430000e-02  3.586451e+08  3.556316e+08  2.335273e+14  2.335273e+11  1.797641e+06
788  1.100000e+04  6.430000e-02  6.430000e-02  3.556316e+08  3.526181e+08  2.409081e+14  2.409081e+11  1.742743e+06
789  1.100000e+04  6.430000e-02  6.430000e-02  3.526181e+08  3.496047e+08  2.495851e+14  2.495851e+11  1.682332e+06
790  1.100000e+04  6.430000e-02  6.430000e-02  3.496047e+08  3.465911e+08  2.597203e+14  2.597203e+11  1.616857e+06
791  1.100000e+04  6.430000e-02  6.430000e-02  3.465911e+08  3.435776e+08  2.715129e+14  2.715129e+11  1.546807e+06
792  1.100000e+04  6.430000e-02  6.430000e-02  3.435776e+08  3.405641e+08  2.852084e+14  2.852084e+11  1.472704e+06
793  1.100000e+04  6.430000e-02  6.430000e-02  3.405641e+08  3.375506e+08  3.011105e+14  3.011105e+11  1.395101e+06
794  1.100000e+04  6.430000e-02  6.430000e-02  3.375506e+08  3.345370e+08  3.195969e+14  3.195969e+11  1.314576e+06
795  1.100000e+04  6.430000e-02  6.430000e-02  3.345370e+08  3.315235e+08  3.411402e+14  3.411402e+11  1.231731e+06
796  1.100000e+04  6.430000e-02  6.430000e-02  3.315235e+08  3.285099e+08  3.663370e+14  3.663370e+11  1.147182e+06
797  1.100000e+04  6.430000e-02  6.430000e-02  3.285099e+08  3.254964e+08  3.959476e+14  3.959476e+11  1.061560e+06
798  1.100000e+04  6.430000e-02  6.430000e-02  3.254964e+08  3.224828e+08  4.309511e+14  4.309511e+11  9.755035e+05
799  1.100000e+04  6.430000e-02  6.430000e-02  3.224828e+08  3.194692e+08  4.726250e+14  4.726250e+11  8.896545e+05
800  1.100000e+04  6.430000e-02  6.430000e-02  3.194692e+08  3.164557e+08  5.226591e+14  5.226591e+11  8.046531e+05
801  1.100000e+04  6.430000e-02  6.430000e-02  3.164557e+08  3.134421e+08  5.833247e+14  5.833247e+11  7.211330e+05
802  1.100000e+04  6.430000e-02  6.430000e-02  3.134421e+08  3.104285e+08  6.577300e+14  6.577300e+11  6.397172e+05
803  1.100000e+04  6.430000e-02  6.430000e-02  3.104285e+08  3.074148e+08  7.502169e+14  7.502169e+11  5.610128e+05
804  1.100000e+04  6.430000e-02  6.430000e-02  3.074148e+08  3.044012e+08  8.669943e+14  8.669943e+11  4.856067e+05
805  1.100000e+04  6.430000e-02  6.430000e-02  3.044012e+08  3.013876e+08  1.017184e+15  1.017184e+12  4.140614e+05
806  1.100000e+04  6.430000e-02  6.430000e-02  3.013876e+08  2.983740e+08  1.214614e+15  1.214614e+12  3.469103e+05
807  1.100000e+04  6.430000e-02  6.430000e-02  2.983740e+08  2.953603e+08  1.481038e+15  1.481038e+12  2.846544e+05
808  1.100000e+04  6.430000e-02  6.430000e-02  2.953603e+08  2.923467e+08  1.852206e+15  1.852206e+12  2.277578e+05
809  1.100000e+04  6.430000e-02  6.430000e-02  2.923467e+08  2.893330e+08  2.390063e+15  2.390063e+12  1.766450e+05
810  1.100000e+04  6.430000e-02  6.430000e-02  2.893330e+08  2.863194e+08  3.209098e+15  3.209098e+12  1.316972e+05
811  1.100000e+04  6.430000e-02  6.430000e-02  2.863194e+08  2.833057e+08  4.538523e+15  4.538523e+12  9.324961e+04
812  1.100000e+04  6.430000e-02  6.430000e-02  2.833057e+08  2.802920e+08  6.885076e+15  6.885076e+12  6.158898e+04
813  1.100000e+04  6.430000e-02  6.430000e-02  2.802920e+08  2.772783e+08  1.150977e+16  1.150977e+13  3.695151e+04
814  1.100000e+04  6.430000e-02  6.430000e-02  2.772783e+08  2.742647e+08  2.189490e+16  2.189490e+13  1.952098e+04
815  1.100000e+04  6.430000e-02  6.430000e-02  2.742647e+08  2.712510e+08  4.576279e+16  4.576279e+13  9.427431e+03
816  1.100000e+04  6.430000e-02  6.430000e-02  2.712510e+08  2.682373e+08  4.850947e+16  3.479929e+16  6.673751e+03
817  1.100000e+04  6.430000e-02  6.430000e-02  2.682373e+08  2.652236e+08  5.029999e+16  3.716278e+16  6.671960e+03
818  1.100000e+04  6.430000e-02  6.430000e-02  2.652236e+08  2.622098e+08  5.209051e+16  3.952628e+16  6.670169e+03
819  1.100000e+04  6.430000e-02  6.430000e-02  2.622098e+08  2.591961e+08  5.388105e+16  4.188978e+16  6.668379e+03
820  1.100000e+04  6.430000e-02  6.430000e-02  2.591961e+08  2.561824e+08  5.570925e+16  4.450446e+16  6.666660e+03
821  1.100000e+04  6.430000e-02  6.430000e-02  2.561824e+08  2.531687e+08  5.766370e+16  4.796069e+16  6.665179e+03
822  1.100000e+04  6.430000e-02  6.430000e-02  2.531687e+08  2.501549e+08  5.961814e+16  5.141693e+16  6.663698e+03
823  1.100000e+04  6.430000e-02  6.430000e-02  2.501549e+08  2.471412e+08  6.157259e+16  5.487317e+16  6.662218e+03
824  1.100000e+04  6.430000e-02  6.430000e-02  2.471412e+08  2.441274e+08  6.352704e+16  5.832943e+16  6.660737e+03
825  1.100000e+04  6.430000e-02  6.430000e-02  2.441274e+08  2.411137e+08  6.563383e+16  6.291481e+16  6.659403e+03
826  1.100000e+04  6.430000e-02  6.430000e-02  2.411137e+08  2.380999e+08  6.789163e+16  6.861949e+16  6.658214e+03
827  1.100000e+04  6.430000e-02  6.430000e-02  2.380999e+08  2.350861e+08  7.014942e+16  7.432419e+16  6.657025e+03
828  1.100000e+04  6.430000e-02  6.430000e-02  2.350861e+08  2.320723e+08  7.240723e+16  8.002889e+16  6.655836e+03
829  1.100000e+04  6.430000e-02  6.430000e-02  2.320723e+08  2.290586e+08  7.466504e+16  8.573361e+16  6.654646e+03
830  1.100000e+04  6.430000e-02  6.430000e-02  2.290586e+08  2.260448e+08  7.692285e+16  9.143834e+16  6.653457e+03
831  1.100000e+04  6.430000e-02  6.430000e-02  2.260448e+08  2.230310e+08  7.918066e+16  9.714308e+16  6.652268e+03
832  1.100000e+04  6.430000e-02  6.430000e-02  2.230310e+08  2.200172e+08  8.168998e+16  1.065281e+17  6.651218e+03
833  1.100000e+04  6.430000e-02  6.430000e-02  2.200172e+08  2.170034e+08  8.427257e+16  1.169853e+17  6.650208e+03
834  1.100000e+04  6.430000e-02  6.430000e-02  2.170034e+08  2.139896e+08  8.685516e+16  1.274425e+17  6.649197e+03
835  1.100000e+04  6.430000e-02  6.430000e-02  2.139896e+08  2.109757e+08  8.943775e+16  1.378997e+17  6.648187e+03
836  1.100000e+04  6.430000e-02  6.430000e-02  2.109757e+08  2.079619e+08  9.202035e+16  1.483569e+17  6.647177e+03
837  1.100000e+04  6.430000e-02  6.430000e-02  2.079619e+08  2.049481e+08  9.460295e+16  1.588142e+17  6.646167e+03
838  1.100000e+04  6.430000e-02  6.430000e-02  2.049481e+08  2.019343e+08  9.718556e+16  1.692714e+17  6.645157e+03
839  1.100000e+04  6.430000e-02  6.430000e-02  2.019343e+08  1.989204e+08  9.976817e+16  1.797287e+17  6.644147e+03
840  1.100000e+04  6.430000e-02  6.430000e-02  1.989204e+08  1.959066e+08  1.023508e+17  1.901860e+17  6.643137e+03
841  1.100000e+04  6.430000e-02  6.430000e-02  1.959066e+08  1.928928e+08  1.048742e+17  2.105880e+17  6.642094e+03
842  1.100000e+04  6.430000e-02  6.430000e-02  1.928928e+08  1.898789e+08  1.073884e+17  2.325450e+17  6.641047e+03
843  1.100000e+04  6.430000e-02  6.430000e-02  1.898789e+08  1.868650e+08  1.099025e+17  2.545020e+17  6.639999e+03
844  1.100000e+04  6.430000e-02  6.430000e-02  1.868650e+08  1.838512e+08  1.124167e+17  2.764591e+17  6.638951e+03
845  1.100000e+04  6.430000e-02  6.430000e-02  1.838512e+08  1.808373e+08  1.149309e+17  2.984162e+17  6.637904e+03
846  1.100000e+04  6.430000e-02  6.430000e-02  1.808373e+08  1.778235e+08  1.174450e+17  3.203733e+17  6.636856e+03
847  1.100000e+04  6.430000e-02  6.430000e-02  1.778235e+08  1.748096e+08  1.199592e+17  3.423305e+17  6.635809e+03
848  1.100000e+04  6.430000e-02  6.430000e-02  1.748096e+08  1.717957e+08  1.224734e+17  3.642876e+17  6.634761e+03
849  1.100000e+04  6.430000e-02  6.430000e-02  1.717957e+08  1.687818e+08  1.249876e+17  3.862449e+17  6.633714e+03
850  1.100000e+04  6.430000e-02  6.430000e-02  1.687818e+08  1.657679e+08  1.272641e+17  4.154624e+17  6.632638e+03
851  1.100000e+04  6.430000e-02  6.430000e-02  1.657679e+08  1.627540e+08  1.290331e+17  4.601865e+17  6.631504e+03
852  1.100000e+04  6.430000e-02  6.430000e-02  1.627540e+08  1.597402e+08  1.308021e+17  5.049106e+17  6.630370e+03
853  1.100000e+04  6.430000e-02  6.430000e-02  1.597402e+08  1.567263e+08  1.325712e+17  5.496349e+17  6.629236e+03
854  1.100000e+04  6.430000e-02  6.430000e-02  1.567263e+08  1.537124e+08  1.343402e+17  5.943591e+17  6.628102e+03
855  1.100000e+04  6.430000e-02  6.430000e-02  1.537124e+08  1.506985e+08  1.361092e+17  6.390835e+17  6.626968e+03
856  1.100000e+04  6.430000e-02  6.430000e-02  1.506985e+08  1.476845e+08  1.378782e+17  6.838079e+17  6.625834e+03
857  1.100000e+04  6.430000e-02  6.430000e-02  1.476845e+08  1.446706e+08  1.396472e+17  7.285323e+17  6.624700e+03
858  1.100000e+04  6.430000e-02  6.430000e-02  1.446706e+08  1.416567e+08  1.414162e+17  7.732568e+17  6.623567e+03
859  1.100000e+04  6.430000e-02  6.430000e-02  1.416567e+08  1.386428e+08  1.423677e+17  8.445273e+17  6.622413e+03
860  1.100000e+04  6.430000e-02  6.430000e-02  1.386428e+08  1.356289e+08  1.425029e+17  9.422985e+17  6.621241e+03
861  1.100000e+04  6.430000e-02  6.430000e-02  1.356289e+08  1.326149e+08  1.426382e+17  1.040070e+18  6.620069e+03
862  1.100000e+04  6.430000e-02  6.430000e-02  1.326149e+08  1.296010e+08  1.427734e+17  1.137841e+18  6.618897e+03
863  1.100000e+04  6.430000e-02  6.430000e-02  1.296010e+08  1.265871e+08  1.429086e+17  1.235613e+18  6.617725e+03
864  1.100000e+04  6.430000e-02  6.430000e-02  1.265871e+08  1.235731e+08  1.430439e+17  1.333384e+18  6.616553e+03
865  1.100000e+04  6.430000e-02  6.430000e-02  1.235731e+08  1.205592e+08  1.431791e+17  1.431156e+18  6.615381e+03
866  1.100000e+04  6.430000e-02  6.430000e-02  1.205592e+08  1.175453e+08  1.433144e+17  1.528928e+18  6.614209e+03
867  1.100000e+04  6.430000e-02  6.430000e-02  1.175453e+08  1.145313e+08  1.434496e+17  1.626700e+18  6.613037e+03
868  1.100000e+04  6.430000e-02  6.430000e-02  1.145313e+08  1.115174e+08  1.435849e+17  1.724472e+18  6.611864e+03
869  1.100000e+04  6.430000e-02  6.430000e-02  1.115174e+08  1.085034e+08  1.437201e+17  1.822244e+18  6.610692e+03
870  1.100000e+04  6.430000e-02  6.430000e-02  1.085034e+08  1.054895e+08  1.440319e+17  1.960081e+18  6.609454e+03
871  1.100000e+04  6.430000e-02  6.430000e-02  1.054895e+08  1.024755e+08  1.445986e+17  2.155745e+18  6.608121e+03
872  1.100000e+04  6.430000e-02  6.430000e-02  1.024755e+08  9.946155e+07  1.451652e+17  2.351409e+18  6.606788e+03
873  1.100000e+04  6.430000e-02  6.430000e-02  9.946155e+07  9.644759e+07  1.457319e+17  2.547073e+18  6.605454e+03
874  1.100000e+04  6.430000e-02  6.430000e-02  9.644759e+07  9.343363e+07  1.462986e+17  2.742737e+18  6.604121e+03
875  1.100000e+04  6.430000e-02  6.430000e-02  9.343363e+07  9.041967e+07  1.468652e+17  2.938402e+18  6.602788e+03
876  1.100000e+04  6.430000e-02  6.430000e-02  9.041967e+07  8.740570e+07  1.474319e+17  3.134066e+18  6.601454e+03
877  1.100000e+04  6.430000e-02  6.430000e-02  8.740570e+07  8.439173e+07  1.479985e+17  3.329731e+18  6.600121e+03
878  1.100000e+04  6.430000e-02  6.430000e-02  8.439173e+07  8.137776e+07  1.485652e+17  3.525396e+18  6.598788e+03
879  1.100000e+04  6.430000e-02  6.430000e-02  8.137776e+07  7.836378e+07  1.503350e+17  3.782962e+18  6.596835e+03
880  1.100000e+04  6.430000e-02  6.430000e-02  7.836378e+07  7.534981e+07  1.538420e+17  4.129912e+18  6.593988e+03
881  1.100000e+04  6.430000e-02  6.430000e-02  7.534981e+07  7.233583e+07  1.573490e+17  4.476862e+18  6.591141e+03
882  1.100000e+04  6.430000e-02  6.430000e-02  7.233583e+07  6.932185e+07  1.608561e+17  4.823813e+18  6.588294e+03
883  1.100000e+04  6.430000e-02  6.430000e-02  6.932185e+07  6.630787e+07  1.643631e+17  5.170763e+18  6.585447e+03
884  1.100000e+04  6.430000e-02  6.430000e-02  6.630787e+07  6.329389e+07  1.678701e+17  5.517714e+18  6.582600e+03
885  1.100000e+04  6.430000e-02  6.430000e-02  6.329389e+07  6.027990e+07  1.713772e+17  5.864665e+18  6.579753e+03
886  1.100000e+04  6.430000e-02  6.430000e-02  6.027990e+07  5.726591e+07  1.748842e+17  6.211616e+18  6.576906e+03
887  1.100000e+04  6.430000e-02  6.430000e-02  5.726591e+07  5.425193e+07  1.784825e+17  6.720043e+18  6.571246e+03
888  1.100000e+04  6.430000e-02  6.430000e-02  5.425193e+07  5.123794e+07  1.821233e+17  7.303816e+18  6.564274e+03
889  1.100000e+04  6.430000e-02  6.430000e-02  5.123794e+07  4.822395e+07  1.857642e+17  7.887588e+18  6.557303e+03
890  1.100000e+04  6.430000e-02  6.430000e-02  4.822395e+07  4.520996e+07  1.894050e+17  8.471361e+18  6.550331e+03
891  1.100000e+04  6.430000e-02  6.430000e-02  4.520996e+07  4.219597e+07  1.930458e+17  9.055134e+18  6.543359e+03
892  1.100000e+04  6.430000e-02  6.430000e-02  4.219597e+07  3.918197e+07  1.966867e+17  9.638907e+18  6.536387e+03
893  1.100000e+04  6.430000e-02  6.430000e-02  3.918197e+07  3.616798e+07  2.001488e+17  1.028703e+19  6.527607e+03
894  1.100000e+04  6.430000e-02  6.430000e-02  3.616798e+07  3.315398e+07  2.030036e+17  1.115393e+19  6.512678e+03
895  1.100000e+04  6.430000e-02  6.430000e-02  3.315398e+07  3.013999e+07  2.058583e+17  1.202084e+19  6.497750e+03
896  1.100000e+04  6.430000e-02  6.430000e-02  3.013999e+07  2.712599e+07  2.087131e+17  1.288774e+19  6.482821e+03
897  1.100000e+04  6.430000e-02  6.430000e-02  2.712599e+07  2.411199e+07  2.102375e+17  1.387750e+19  6.464750e+03
898  1.100000e+04  6.430000e-02  6.430000e-02  2.411199e+07  2.109800e+07  2.098403e+17  1.504472e+19  6.442139e+03
899  1.100000e+04  6.430000e-02  6.430000e-02  2.109800e+07  1.808400e+07  2.094431e+17  1.621195e+19  6.419528e+03
900  1.100000e+04  6.430000e-02  6.430000e-02  1.808400e+07  1.507000e+07  2.087818e+17  1.742773e+19  6.396136e+03
901  1.100000e+04  6.430000e-02  6.430000e-02  1.507000e+07  1.205600e+07  2.064485e+17  1.895106e+19  6.367803e+03
902  1.100000e+04  6.430000e-02  6.430000e-02  1.205600e+07  9.042000e+06  2.041152e+17  2.047439e+19  6.339470e+03
903  1.100000e+04  6.430000e-02  6.430000e-02  9.042000e+06  6.028000e+06  2.014897e+17  2.205586e+19  6.310345e+03
904  1.100000e+04  6.430000e-02  6.430000e-02  6.028000e+06  3.014000e+06  1.970138e+17  2.400552e+19  6.276207e+03
905  1.100000e+04  6.430000e-02  6.430000e-02  3.014000e+06  2.349818e-06  1.925379e+17  2.595517e+19  6.242069e+03

[GHOSTS]
# tag      B_T          phi_g_Jpkg   ne_im3       nn_im3       T_K          T_e_factor
outer_0  6.430000e-02  2.349818e-06  1.925379e+17  2.595517e+19  6.242069e+03  1.000
outer_1  6.430000e-02  2.349818e-06  1.925379e+17  2.595517e+19  6.242069e+03  1.000
inner_0  6.430000e-02  0.000000e+00  1.925379e+17  2.595517e+19  6.242069e+03  1.000
inner_1  6.430000e-02  0.000000e+00  1.925379e+17  2.595517e+19  6.242069e+03  1.000
